cmd,cli,file,nodes,yang_path,action,phase,pr
address_family_evpn_cmd,address-family l2vpn evpn,bgpd/bgp_vty.c,BGP_NODE,MISSING,add,5-evpn,
address_family_ipv4_safi_cmd,address-family ipv4 [<unicast|multicast|vpn|labeled-unicast|flowspec|unreachability>],bgpd/bgp_vty.c,BGP_NODE,MISSING,add,1-globals,
address_family_ipv6_safi_cmd,address-family ipv6 [<unicast|multicast|vpn|labeled-unicast|flowspec|unreachability>],bgpd/bgp_vty.c,BGP_NODE,MISSING,add,1-globals,
address_family_link_state_cmd,address-family link-state [link-state],bgpd/bgp_vty.c,BGP_NODE,MISSING,add,6-srv6-ls-upa-fs,
address_family_vpnv4_cmd,address-family vpnv4 [unicast],bgpd/bgp_vty.c,BGP_NODE,MISSING,add,1-globals,
address_family_vpnv6_cmd,address-family vpnv6 [unicast],bgpd/bgp_vty.c,BGP_NODE,MISSING,add,1-globals,
af_import_vrf_route_map_cmd,import vrf route-map RMAP$rmap_str,bgpd/bgp_vty.c,BGP_IPV4_NODE;BGP_IPV6_NODE,PARTIAL,fix,4-network-vpn,
af_label_vpn_export_allocation_mode_cmd,[no$no] label vpn export allocation-mode <per-vrf$label_per_vrf|per-nexthop$label_per_nh>,bgpd/bgp_vty.c,BGP_IPV4_NODE;BGP_IPV6_NODE,MISSING,add,4-network-vpn,
af_label_vpn_export_cmd,[no] label vpn export <(0-1048575)$label_val|auto$label_auto>,bgpd/bgp_vty.c,BGP_IPV4_NODE;BGP_IPV6_NODE,MISSING,add,4-network-vpn,
af_nexthop_vpn_export_cmd,[no] nexthop vpn export [<A.B.C.D|X:X::X:X>$nexthop_su],bgpd/bgp_vty.c,BGP_IPV4_NODE;BGP_IPV6_NODE,MISSING,add,1-globals,
af_no_import_vrf_route_map_cmd,no import vrf route-map [RMAP$rmap_str],bgpd/bgp_vty.c,BGP_IPV4_NODE;BGP_IPV6_NODE,PARTIAL,fix,4-network-vpn,
af_no_label_vpn_export_cmd,no label vpn export,bgpd/bgp_vty.c,BGP_IPV4_NODE;BGP_IPV6_NODE,MISSING,add,4-network-vpn,
af_no_rd_vpn_export_cmd,no rd vpn export,bgpd/bgp_vty.c,BGP_IPV4_NODE;BGP_IPV6_NODE,MISSING,add,4-network-vpn,
af_no_route_map_vpn_imexport_cmd,no route-map vpn <import|export>$direction_str,bgpd/bgp_vty.c,BGP_IPV4_NODE;BGP_IPV6_NODE,PARTIAL,fix,1-globals,
af_no_rt_vpn_imexport_cmd,no <rt|route-target> vpn <import|export|both>$direction_str,bgpd/bgp_vty.c,BGP_IPV4_NODE;BGP_IPV6_NODE,MISSING,add,1-globals,
af_rd_vpn_export_cmd,[no] rd vpn export ASN:NN_OR_IP-ADDRESS:NN$rd_str,bgpd/bgp_vty.c,BGP_IPV4_NODE;BGP_IPV6_NODE,MISSING,add,4-network-vpn,
af_route_map_vpn_imexport_cmd,route-map <vpn|evpn|vrf NAME> <import|export> RMAP,bgpd/bgp_vty.c,BGP_IPV4_NODE;BGP_IPV6_NODE,PARTIAL,fix,1-globals,
af_routetarget_import_cmd,[no] <rt|route-target|route-target6|rt6> redirect import RTLIST...,bgpd/bgp_vty.c,BGP_IPV4_NODE;BGP_IPV6_NODE,MISSING,add,1-globals,
af_rt_vpn_imexport_cmd,[no] <rt|route-target> vpn <import|export|both>$direction_str RTLIST...,bgpd/bgp_vty.c,BGP_IPV4_NODE;BGP_IPV6_NODE,MISSING,add,1-globals,
af_sid_vpn_export_cmd,[no] sid vpn export <(1-4294967295)$sid_idx|auto$sid_auto|explicit$sid_explicit X:X::X:X$sid_value>,bgpd/bgp_vty.c,BGP_IPV4_NODE;BGP_IPV6_NODE,MISSING,add,1-globals,
aggregate_addressv4_cmd,[no] aggregate-address <A.B.C.D/M$prefix|A.B.C.D$addr A.B.C.D$mask> [{,bgpd/bgp_route.c,BGP_IPV4L_NODE;BGP_IPV4M_NODE;BGP_IPV4_NODE;BGP_NODE,PARTIAL,fix,4-network-vpn,
aggregate_addressv6_cmd,[no] aggregate-address X:X::X:X/M$prefix [{,bgpd/bgp_route.c,BGP_IPV6L_NODE;BGP_IPV6_NODE,PARTIAL,fix,4-network-vpn,
bgp_administrative_reset_cmd,[no$no] bgp hard-administrative-reset,bgpd/bgp_vty.c,BGP_NODE,MISSING,add,8-filter-rmap,
bgp_advertisement_delay_cmd,advertisement-delay (1-3600)$delay,bgpd/bgp_vty.c,BGP_NODE,MISSING,add,1-globals,
bgp_af_nexthop_prefer_global_cmd,[no] nexthop prefer-global,bgpd/bgp_vty.c,BGP_IPV6L_NODE;BGP_IPV6M_NODE;BGP_IPV6_NODE,MISSING,add,1-globals,
bgp_allow_martian_cmd,[no]$no bgp allow-martian-nexthop,bgpd/bgp_vty.c,BGP_NODE,MISSING,add,1-globals,
bgp_always_compare_med_cmd,bgp always-compare-med,bgpd/bgp_vty.c,BGP_NODE,PARTIAL,fix,1-globals,
bgp_as_path_cmd,bgp as-path access-list AS_PATH_FILTER_NAME [seq (0-4294967295)] <deny|permit> LINE...,bgpd/bgp_filter.c,CONFIG_NODE,MISSING,add,8-filter-rmap,
bgp_bestpath_aigp_cmd,[no$no] bgp bestpath aigp,bgpd/bgp_vty.c,BGP_NODE,PARTIAL,fix,1-globals,
bgp_bestpath_aspath_confed_cmd,bgp bestpath as-path confed,bgpd/bgp_vty.c,BGP_NODE,PARTIAL,fix,1-globals,
bgp_bestpath_aspath_ignore_cmd,bgp bestpath as-path ignore,bgpd/bgp_vty.c,BGP_NODE,PARTIAL,fix,1-globals,
bgp_bestpath_aspath_multipath_relax_cmd,bgp bestpath as-path multipath-relax [<as-set|no-as-set>],bgpd/bgp_vty.c,BGP_NODE,PARTIAL,fix,1-globals,
bgp_bestpath_bw_cmd,bgp bestpath bandwidth <ignore|skip-missing|default-weight-for-missing>$bw_cfg,bgpd/bgp_vty.c,BGP_NODE,PARTIAL,fix,1-globals,
bgp_bestpath_compare_router_id_cmd,bgp bestpath compare-routerid,bgpd/bgp_vty.c,BGP_NODE,PARTIAL,fix,1-globals,
bgp_bestpath_med_cmd,bgp bestpath med <confed [missing-as-worst]|missing-as-worst [confed]>,bgpd/bgp_vty.c,BGP_NODE,PARTIAL,fix,1-globals,
bgp_bestpath_peer_type_multipath_relax_cmd,bgp bestpath peer-type multipath-relax,bgpd/bgp_vty.c,BGP_NODE,PARTIAL,fix,1-globals,
bgp_bestpath_use_imported_attrs_cmd,[no$no] bgp bestpath use-imported-attributes,bgpd/bgp_vty.c,BGP_NODE,PARTIAL,fix,1-globals,
bgp_client_to_client_reflection_cmd,bgp client-to-client reflection,bgpd/bgp_vty.c,BGP_NODE,PARTIAL,fix,1-globals,
bgp_cluster_id_cmd,bgp cluster-id <A.B.C.D|(1-4294967295)>,bgpd/bgp_vty.c,BGP_NODE,PARTIAL,fix,1-globals,
bgp_coalesce_time_cmd,coalesce-time (0-4294967295),bgpd/bgp_vty.c,BGP_NODE,PARTIAL,fix,1-globals,
bgp_community_alias_cmd,[no$no] bgp community alias WORD$community ALIAS_NAME$alias_name,bgpd/bgp_vty.c,CONFIG_NODE,MISSING,add,8-filter-rmap,
bgp_community_list_expanded_all_cmd,bgp community-list <(100-500)|expanded COMMUNITY_LIST_NAME> [seq (0-4294967295)] <deny|permit> AA:NN...,bgpd/bgp_vty.c,CONFIG_NODE,MISSING,add,8-filter-rmap,
bgp_community_list_standard_cmd,bgp community-list <(1-99)|standard COMMUNITY_LIST_NAME> [seq (0-4294967295)] <deny|permit> AA:NN...,bgpd/bgp_vty.c,CONFIG_NODE,MISSING,add,8-filter-rmap,
bgp_condadv_period_cmd,[no$no] bgp conditional-advertisement timer (5-240)$period,bgpd/bgp_vty.c,BGP_NODE,MISSING,add,1-globals,
bgp_confederation_identifier_cmd,bgp confederation identifier ASNUM,bgpd/bgp_vty.c,BGP_NODE,PARTIAL,fix,1-globals,
bgp_confederation_peers_cmd,bgp confederation peers ASNUM...,bgpd/bgp_vty.c,BGP_NODE,PARTIAL,fix,1-globals,
bgp_damp_set_cmd,bgp dampening [(1-45) [(1-20000) (1-50000) (1-255)]],bgpd/bgp_route.c,BGP_IPV4L_NODE;BGP_IPV4M_NODE;BGP_IPV4_NODE;BGP_IPV6L_NODE;BGP_IPV6M_NODE;BGP_IPV6_NODE;BGP_NODE,MISSING,add,4-network-vpn,
bgp_damp_unset_cmd,no bgp dampening [(1-45) [(1-20000) (1-50000) (1-255)]],bgpd/bgp_route.c,BGP_IPV4L_NODE;BGP_IPV4M_NODE;BGP_IPV4_NODE;BGP_IPV6L_NODE;BGP_IPV6M_NODE;BGP_IPV6_NODE;BGP_NODE,MISSING,add,4-network-vpn,
bgp_def_originate_eval_cmd,[no$no] bgp default-originate timer (0-65535)$timer,bgpd/bgp_vty.c,BGP_NODE,MISSING,add,1-globals,
bgp_default_afi_safi_cmd,[no] bgp default <ipv4-unicast|,bgpd/bgp_vty.c,BGP_NODE,MISSING,add,1-globals,
bgp_default_dynamic_capability_cmd,[no] bgp default dynamic-capability,bgpd/bgp_vty.c,BGP_NODE,MISSING,add,1-globals,
bgp_default_link_local_capability_cmd,[no] bgp default link-local-capability,bgpd/bgp_vty.c,BGP_NODE,MISSING,add,1-globals,
bgp_default_local_preference_cmd,bgp default local-preference (0-4294967295),bgpd/bgp_vty.c,BGP_NODE,PARTIAL,fix,1-globals,
bgp_default_show_hostname_cmd,bgp default show-hostname,bgpd/bgp_vty.c,BGP_NODE,MISSING,add,1-globals,
bgp_default_show_nexthop_hostname_cmd,bgp default show-nexthop-hostname,bgpd/bgp_vty.c,BGP_NODE,MISSING,add,1-globals,
bgp_default_shutdown_cmd,[no] bgp default shutdown,bgpd/bgp_vty.c,BGP_NODE,PARTIAL,fix,1-globals,
bgp_default_software_version_capability_cmd,[no] bgp default software-version-capability [latest-encoding$latest_encoding],bgpd/bgp_vty.c,BGP_NODE,MISSING,add,1-globals,
bgp_default_subgroup_pkt_queue_max_cmd,bgp default subgroup-pkt-queue-max (20-100),bgpd/bgp_vty.c,BGP_NODE,MISSING,add,1-globals,
bgp_deterministic_med_cmd,bgp deterministic-med,bgpd/bgp_vty.c,BGP_NODE,PARTIAL,fix,1-globals,
bgp_disable_connected_route_check_cmd,bgp disable-ebgp-connected-route-check,bgpd/bgp_vty.c,BGP_NODE,MISSING,add,1-globals,
bgp_distance_cmd,distance bgp (1-255) (1-255) (1-255),bgpd/bgp_route.c,BGP_IPV4M_NODE;BGP_IPV4_NODE;BGP_IPV6M_NODE;BGP_IPV6_NODE;BGP_NODE,PARTIAL,fix,4-network-vpn,
bgp_distance_source_access_list_cmd,distance (1-255) A.B.C.D/M WORD,bgpd/bgp_route.c,BGP_IPV4M_NODE;BGP_IPV4_NODE;BGP_NODE,PARTIAL,fix,4-network-vpn,
bgp_distance_source_cmd,distance (1-255) A.B.C.D/M,bgpd/bgp_route.c,BGP_IPV4M_NODE;BGP_IPV4_NODE;BGP_NODE,PARTIAL,fix,4-network-vpn,
bgp_ebgp_requires_policy_cmd,bgp ebgp-requires-policy,bgpd/bgp_vty.c,BGP_NODE,PARTIAL,fix,5-evpn,
bgp_enforce_first_as_cmd,[no] bgp enforce-first-as,bgpd/bgp_vty.c,BGP_NODE,MISSING,add,1-globals,
bgp_evpn_advertise_all_vni_cmd,advertise-all-vni,bgpd/bgp_evpn_vty.c,BGP_EVPN_NODE,MISSING,add,5-evpn,
bgp_evpn_advertise_autort_rfc8365_cmd,autort rfc8365-compatible,bgpd/bgp_evpn_vty.c,BGP_EVPN_NODE,MISSING,add,5-evpn,
bgp_evpn_advertise_default_gw_cmd,advertise-default-gw,bgpd/bgp_evpn_vty.c,BGP_EVPN_NODE,MISSING,add,5-evpn,
bgp_evpn_advertise_default_gw_vni_cmd,advertise-default-gw,bgpd/bgp_evpn_vty.c,BGP_EVPN_VNI_NODE,MISSING,add,5-evpn,
bgp_evpn_advertise_pip_ip_mac_cmd,[no$no] advertise-pip [ip <A.B.C.D> [mac <X:X:X:X:X:X|X:X:X:X:X:X/M>]],bgpd/bgp_evpn_vty.c,BGP_EVPN_NODE,MISSING,add,5-evpn,
bgp_evpn_advertise_svi_ip_cmd,[no$no] advertise-svi-ip,bgpd/bgp_evpn_vty.c,BGP_EVPN_NODE,MISSING,add,5-evpn,
bgp_evpn_advertise_svi_ip_vni_cmd,[no$no] advertise-svi-ip,bgpd/bgp_evpn_vty.c,BGP_EVPN_VNI_NODE,MISSING,add,5-evpn,
bgp_evpn_advertise_type5_cmd,advertise,bgpd/bgp_evpn_vty.c,BGP_EVPN_NODE,MISSING,add,5-evpn,
bgp_evpn_advertise_vni_subnet_cmd,advertise-subnet,bgpd/bgp_evpn_vty.c,BGP_EVPN_VNI_NODE,MISSING,add,5-evpn,
bgp_evpn_default_originate_cmd,default-originate <ipv4 | ipv6>,bgpd/bgp_evpn_vty.c,BGP_EVPN_NODE,MISSING,add,5-evpn,
bgp_evpn_ead_es_frag_evi_limit_cmd,[no$no] ead-es-frag evi-limit (1-1000)$limit,bgpd/bgp_evpn_vty.c,BGP_EVPN_NODE,MISSING,add,5-evpn,
bgp_evpn_ead_es_rt_cmd,ead-es-route-target export RT,bgpd/bgp_evpn_vty.c,BGP_EVPN_NODE,MISSING,add,5-evpn,
bgp_evpn_ead_evi_rx_disable_cmd,[no$no] disable-ead-evi-rx,bgpd/bgp_evpn_vty.c,BGP_EVPN_NODE,MISSING,add,5-evpn,
bgp_evpn_ead_evi_tx_disable_cmd,[no$no] disable-ead-evi-tx,bgpd/bgp_evpn_vty.c,BGP_EVPN_NODE,MISSING,add,5-evpn,
bgp_evpn_enable_resolve_overlay_index_cmd,[no$no] enable-resolve-overlay-index,bgpd/bgp_evpn_vty.c,BGP_EVPN_NODE,MISSING,add,5-evpn,
bgp_evpn_flood_control_cmd,[no$no] flooding <disable$disable|head-end-replication$her>,bgpd/bgp_evpn_vty.c,BGP_EVPN_NODE,MISSING,add,5-evpn,
bgp_evpn_flood_control_vni_cmd,[no$no] flooding <disable$disable|head-end-replication$her>,bgpd/bgp_evpn_vty.c,BGP_EVPN_VNI_NODE,MISSING,add,5-evpn,
bgp_evpn_use_es_l3nhg_cmd,[no$no] use-es-l3nhg,bgpd/bgp_evpn_vty.c,BGP_EVPN_NODE,MISSING,add,5-evpn,
bgp_evpn_vni_cmd,"CMD_VNI_RANGE,",bgpd/bgp_evpn_vty.c,BGP_EVPN_NODE,MISSING,add,5-evpn,
bgp_evpn_vni_rd_cmd,rd ASN:NN_OR_IP-ADDRESS:NN,bgpd/bgp_evpn_vty.c,BGP_EVPN_VNI_NODE,MISSING,add,5-evpn,
bgp_evpn_vni_rt_cmd,route-target <both|import|export> RT,bgpd/bgp_evpn_vty.c,BGP_EVPN_VNI_NODE,MISSING,add,5-evpn,
bgp_evpn_vrf_rd_cmd,rd ASN:NN_OR_IP-ADDRESS:NN,bgpd/bgp_evpn_vty.c,BGP_EVPN_NODE,MISSING,add,5-evpn,
bgp_evpn_vrf_rt_auto_cmd,route-target <both|import|export>$type auto,bgpd/bgp_evpn_vty.c,BGP_EVPN_NODE,MISSING,add,5-evpn,
bgp_evpn_vrf_rt_cmd,route-target <both|import|export> RTLIST...,bgpd/bgp_evpn_vty.c,BGP_EVPN_NODE,MISSING,add,5-evpn,
bgp_extcommunity_list_name_expanded_cmd,bgp extcommunity-list <(100-500)|expanded EXTCOMMUNITY_LIST_NAME> [seq (0-4294967295)] <deny|permit> LINE...,bgpd/bgp_vty.c,CONFIG_NODE,MISSING,add,8-filter-rmap,
bgp_extcommunity_list_standard_cmd,bgp extcommunity-list <(1-99)|standard EXTCOMMUNITY_LIST_NAME> [seq (0-4294967295)] <deny|permit> AA:NN...,bgpd/bgp_vty.c,CONFIG_NODE,MISSING,add,8-filter-rmap,
bgp_fast_convergence_cmd,bgp fast-convergence,bgpd/bgp_vty.c,BGP_NODE,MISSING,add,1-globals,
bgp_fast_external_failover_cmd,bgp fast-external-failover,bgpd/bgp_vty.c,BGP_NODE,PARTIAL,fix,1-globals,
bgp_fs_local_install_ifname_cmd,[no] local-install INTERFACE,bgpd/bgp_flowspec_vty.c,BGP_FLOWSPECV4_NODE;BGP_FLOWSPECV6_NODE,MISSING,add,6-srv6-ls-upa-fs,
bgp_global_advertisement_delay_cmd,bgp advertisement-delay (1-3600)$delay,bgpd/bgp_vty.c,CONFIG_NODE,MISSING,add,1-globals,
bgp_global_suppress_fib_pending_cmd,[no] bgp suppress-fib-pending [(0-10000)$delay],bgpd/bgp_vty.c,CONFIG_NODE,MISSING,add,1-globals,
bgp_global_update_delay_cmd,bgp update-delay (0-3600)$delay [(1-3600)$wait],bgpd/bgp_vty.c,CONFIG_NODE,MISSING,add,1-globals,
bgp_graceful_restart_cmd,bgp graceful-restart,bgpd/bgp_vty.c,BGP_NODE;CONFIG_NODE,PARTIAL,fix,1-globals,
bgp_graceful_restart_disable_cmd,bgp graceful-restart-disable,bgpd/bgp_vty.c,BGP_NODE;CONFIG_NODE,PARTIAL,fix,1-globals,
bgp_graceful_restart_disable_eor_cmd,bgp graceful-restart disable-eor,bgpd/bgp_vty.c,BGP_NODE,PARTIAL,fix,1-globals,
bgp_graceful_restart_notification_cmd,[no$no] bgp graceful-restart notification,bgpd/bgp_vty.c,BGP_NODE,PARTIAL,fix,1-globals,
bgp_graceful_restart_preserve_fw_cmd,bgp graceful-restart preserve-fw-state,bgpd/bgp_vty.c,BGP_NODE;CONFIG_NODE,PARTIAL,fix,1-globals,
bgp_graceful_restart_restart_time_cmd,bgp graceful-restart restart-time (0-4095),bgpd/bgp_vty.c,BGP_NODE;CONFIG_NODE,PARTIAL,fix,1-globals,
bgp_graceful_restart_rib_stale_time_cmd,bgp graceful-restart rib-stale-time (1-3600),bgpd/bgp_vty.c,BGP_NODE;CONFIG_NODE,PARTIAL,fix,1-globals,
bgp_graceful_restart_select_defer_time_cmd,bgp graceful-restart select-defer-time (0-3600),bgpd/bgp_vty.c,BGP_NODE;CONFIG_NODE,PARTIAL,fix,1-globals,
bgp_graceful_restart_stalepath_time_cmd,bgp graceful-restart stalepath-time (1-4095),bgpd/bgp_vty.c,BGP_NODE;CONFIG_NODE,PARTIAL,fix,1-globals,
bgp_graceful_shutdown_cmd,bgp graceful-shutdown,bgpd/bgp_vty.c,BGP_NODE;CONFIG_NODE,PARTIAL,fix,1-globals,
bgp_imexport_vpn_cmd,[no] <import|export>$direction_str vpn,bgpd/bgp_vty.c,BGP_IPV4_NODE;BGP_IPV6_NODE,MISSING,add,4-network-vpn,
bgp_imexport_vrf_cmd,[no] import vrf VIEWVRFNAME$import_name,bgpd/bgp_vty.c,BGP_IPV4_NODE;BGP_IPV6_NODE,MISSING,add,1-globals,
bgp_inq_limit_cmd,bgp input-queue-limit (1-4294967295)$limit,bgpd/bgp_vty.c,CONFIG_NODE,MISSING,add,1-globals,
bgp_ipv6_auto_ra_cmd,[no] bgp ipv6-auto-ra,bgpd/bgp_vty.c,BGP_NODE;CONFIG_NODE,MISSING,add,1-globals,
bgp_lcommunity_list_expanded_cmd,bgp large-community-list (100-500) [seq (0-4294967295)] <deny|permit> LINE...,bgpd/bgp_vty.c,CONFIG_NODE,MISSING,add,8-filter-rmap,
bgp_lcommunity_list_name_expanded_cmd,bgp large-community-list expanded LCOMMUNITY_LIST_NAME [seq (0-4294967295)] <deny|permit> LINE...,bgpd/bgp_vty.c,CONFIG_NODE,MISSING,add,8-filter-rmap,
bgp_lcommunity_list_name_standard_cmd,bgp large-community-list standard LCOMMUNITY_LIST_NAME [seq (0-4294967295)] <deny|permit> AA:BB:CC...,bgpd/bgp_vty.c,CONFIG_NODE,MISSING,add,8-filter-rmap,
bgp_lcommunity_list_standard_cmd,bgp large-community-list (1-99) [seq (0-4294967295)] <deny|permit> AA:BB:CC...,bgpd/bgp_vty.c,CONFIG_NODE,MISSING,add,8-filter-rmap,
bgp_listen_limit_cmd,bgp listen limit (1-65535),bgpd/bgp_vty.c,BGP_NODE,MISSING,add,2-neighbor-session,
bgp_listen_range_cmd,bgp listen range <A.B.C.D/M|X:X::X:X/M> peer-group PGNAME,bgpd/bgp_vty.c,BGP_NODE,MISSING,add,2-neighbor-session,
bgp_llgr_stalepath_time_cmd,bgp long-lived-graceful-restart stale-time (1-16777215),bgpd/bgp_vty.c,BGP_NODE,MISSING,add,1-globals,
bgp_local_mac_cmd,bgp local-mac vni,bgpd/bgp_vty.c,CONFIG_NODE,MISSING,add,1-globals,
bgp_log_neighbor_changes_cmd,bgp log-neighbor-changes,bgpd/bgp_vty.c,BGP_NODE,PARTIAL,fix,5-evpn,
bgp_ls_distribute_bgp_fabric_cmd,distribute bgp-fabric-link-state [instance-id WORD$instance_id_str],bgpd/bgp_vty.c,BGP_LS_NODE,MISSING,add,1-globals,
bgp_lu_uses_explicit_null_cmd,[no] bgp labeled-unicast <explicit-null|ipv4-explicit-null|ipv6-explicit-null>$value,bgpd/bgp_vty.c,BGP_NODE,MISSING,add,5-evpn,
bgp_maxmed_admin_cmd,bgp max-med administrative,bgpd/bgp_vty.c,BGP_NODE,PARTIAL,fix,1-globals,
bgp_maxmed_admin_medv_cmd,bgp max-med administrative (0-4294967295),bgpd/bgp_vty.c,BGP_NODE,PARTIAL,fix,1-globals,
bgp_maxmed_onstartup_cmd,bgp max-med on-startup (5-86400) [(0-4294967295)],bgpd/bgp_vty.c,BGP_NODE,PARTIAL,fix,1-globals,
bgp_maxpaths_cmd,maximum-paths,bgpd/bgp_vty.c,BGP_IPV4L_NODE;BGP_IPV4_NODE;BGP_IPV6L_NODE;BGP_IPV6_NODE,MISSING,add,1-globals,
bgp_maxpaths_hidden_cmd,maximum-paths,bgpd/bgp_vty.c,BGP_NODE,MISSING,add,1-globals,
bgp_maxpaths_ibgp_cluster_cmd,maximum-paths ibgp,bgpd/bgp_vty.c,BGP_IPV4L_NODE;BGP_IPV4_NODE;BGP_IPV6L_NODE;BGP_IPV6_NODE,MISSING,add,1-globals,
bgp_maxpaths_ibgp_cluster_hidden_cmd,maximum-paths ibgp,bgpd/bgp_vty.c,BGP_NODE,MISSING,add,1-globals,
bgp_maxpaths_ibgp_cmd,maximum-paths ibgp,bgpd/bgp_vty.c,BGP_IPV4L_NODE;BGP_IPV4_NODE;BGP_IPV6L_NODE;BGP_IPV6_NODE,MISSING,add,1-globals,
bgp_maxpaths_ibgp_hidden_cmd,maximum-paths ibgp,bgpd/bgp_vty.c,BGP_NODE,MISSING,add,1-globals,
bgp_minimum_holdtime_cmd,bgp minimum-holdtime (1-65535),bgpd/bgp_vty.c,BGP_NODE,PARTIAL,fix,1-globals,
bgp_neighbor_graceful_restart_disable_set_cmd,neighbor <A.B.C.D|X:X::X:X|WORD> graceful-restart-disable,bgpd/bgp_vty.c,BGP_NODE,PARTIAL,fix,8-filter-rmap,
bgp_neighbor_graceful_restart_helper_set_cmd,neighbor <A.B.C.D|X:X::X:X|WORD> graceful-restart-helper,bgpd/bgp_vty.c,BGP_NODE,PARTIAL,fix,8-filter-rmap,
bgp_neighbor_graceful_restart_set_cmd,neighbor <A.B.C.D|X:X::X:X|WORD> graceful-restart,bgpd/bgp_vty.c,BGP_NODE,PARTIAL,fix,8-filter-rmap,
bgp_network_cmd,[no] network \ 	<A.B.C.D/M$prefix|A.B.C.D$address [mask A.B.C.D$netmask]> \ 	[{route-map RMAP_NAME$map_name|label-index ,bgpd/bgp_route.c,BGP_IPV4L_NODE;BGP_IPV4M_NODE;BGP_IPV4_NODE;BGP_NODE,PARTIAL,fix,4-network-vpn,
bgp_network_import_check_cmd,bgp network import-check,bgpd/bgp_vty.c,BGP_NODE,PARTIAL,fix,4-network-vpn,
bgp_norib_cmd,bgp no-rib,bgpd/bgp_vty.c,CONFIG_NODE,MISSING,add,1-globals,
bgp_outq_limit_cmd,bgp output-queue-limit (1-4294967295)$limit,bgpd/bgp_vty.c,CONFIG_NODE,MISSING,add,1-globals,
bgp_redistribute_ipv4_cmd,redistribute,bgpd/bgp_vty.c,BGP_IPV4_NODE,PARTIAL,fix,4-network-vpn,
bgp_redistribute_ipv4_hidden_cmd,redistribute,bgpd/bgp_vty.c,BGP_NODE,PARTIAL,fix,4-network-vpn,
bgp_redistribute_ipv4_metric_cmd,redistribute,bgpd/bgp_vty.c,BGP_IPV4_NODE,PARTIAL,fix,4-network-vpn,
bgp_redistribute_ipv4_metric_hidden_cmd,redistribute,bgpd/bgp_vty.c,BGP_NODE,PARTIAL,fix,4-network-vpn,
bgp_redistribute_ipv4_metric_rmap_cmd,redistribute,bgpd/bgp_vty.c,BGP_IPV4_NODE,PARTIAL,fix,8-filter-rmap,
bgp_redistribute_ipv4_metric_rmap_hidden_cmd,redistribute,bgpd/bgp_vty.c,BGP_NODE,PARTIAL,fix,8-filter-rmap,
bgp_redistribute_ipv4_ospf_cmd,redistribute <ospf|table|table-direct> (1-65535),bgpd/bgp_vty.c,BGP_IPV4_NODE,PARTIAL,fix,4-network-vpn,
bgp_redistribute_ipv4_ospf_hidden_cmd,redistribute <ospf|table|table-direct> (1-65535),bgpd/bgp_vty.c,BGP_NODE,PARTIAL,fix,4-network-vpn,
bgp_redistribute_ipv4_ospf_metric_cmd,redistribute <ospf|table|table-direct> (1-65535) metric (0-4294967295),bgpd/bgp_vty.c,BGP_IPV4_NODE,PARTIAL,fix,4-network-vpn,
bgp_redistribute_ipv4_ospf_metric_hidden_cmd,redistribute <ospf|table|table-direct> (1-65535) metric (0-4294967295),bgpd/bgp_vty.c,BGP_NODE,PARTIAL,fix,4-network-vpn,
bgp_redistribute_ipv4_ospf_metric_rmap_cmd,redistribute <ospf|table|table-direct> (1-65535) metric (0-4294967295) route-map RMAP_NAME,bgpd/bgp_vty.c,BGP_IPV4_NODE,PARTIAL,fix,8-filter-rmap,
bgp_redistribute_ipv4_ospf_metric_rmap_hidden_cmd,redistribute <ospf|table|table-direct> (1-65535) metric (0-4294967295) route-map RMAP_NAME,bgpd/bgp_vty.c,BGP_NODE,PARTIAL,fix,8-filter-rmap,
bgp_redistribute_ipv4_ospf_rmap_cmd,redistribute <ospf|table|table-direct> (1-65535) route-map RMAP_NAME,bgpd/bgp_vty.c,BGP_IPV4_NODE,PARTIAL,fix,8-filter-rmap,
bgp_redistribute_ipv4_ospf_rmap_hidden_cmd,redistribute <ospf|table|table-direct> (1-65535) route-map RMAP_NAME,bgpd/bgp_vty.c,BGP_NODE,PARTIAL,fix,8-filter-rmap,
bgp_redistribute_ipv4_ospf_rmap_metric_cmd,redistribute <ospf|table|table-direct> (1-65535) route-map RMAP_NAME metric (0-4294967295),bgpd/bgp_vty.c,BGP_IPV4_NODE,PARTIAL,fix,8-filter-rmap,
bgp_redistribute_ipv4_ospf_rmap_metric_hidden_cmd,redistribute <ospf|table|table-direct> (1-65535) route-map RMAP_NAME metric (0-4294967295),bgpd/bgp_vty.c,BGP_NODE,PARTIAL,fix,8-filter-rmap,
bgp_redistribute_ipv4_rmap_cmd,redistribute,bgpd/bgp_vty.c,BGP_IPV4_NODE,PARTIAL,fix,8-filter-rmap,
bgp_redistribute_ipv4_rmap_hidden_cmd,redistribute,bgpd/bgp_vty.c,BGP_NODE,PARTIAL,fix,8-filter-rmap,
bgp_redistribute_ipv4_rmap_metric_cmd,redistribute,bgpd/bgp_vty.c,BGP_IPV4_NODE,PARTIAL,fix,8-filter-rmap,
bgp_redistribute_ipv4_rmap_metric_hidden_cmd,redistribute,bgpd/bgp_vty.c,BGP_NODE,PARTIAL,fix,8-filter-rmap,
bgp_redistribute_ipv6_cmd,redistribute,bgpd/bgp_vty.c,BGP_IPV6_NODE,PARTIAL,fix,4-network-vpn,
bgp_redistribute_ipv6_metric_cmd,redistribute,bgpd/bgp_vty.c,BGP_IPV6_NODE,PARTIAL,fix,4-network-vpn,
bgp_redistribute_ipv6_metric_rmap_cmd,redistribute,bgpd/bgp_vty.c,BGP_IPV6_NODE,PARTIAL,fix,8-filter-rmap,
bgp_redistribute_ipv6_rmap_cmd,redistribute,bgpd/bgp_vty.c,BGP_IPV6_NODE,PARTIAL,fix,8-filter-rmap,
bgp_redistribute_ipv6_rmap_metric_cmd,redistribute,bgpd/bgp_vty.c,BGP_IPV6_NODE,PARTIAL,fix,8-filter-rmap,
bgp_redistribute_ipv6_table_cmd,redistribute table-direct (1-65535)$table_id [{metric$metric (0-4294967295)$metric_val|route-map WORD$rmap}],bgpd/bgp_vty.c,BGP_IPV6_NODE,PARTIAL,fix,4-network-vpn,
bgp_reject_as_sets_cmd,bgp reject-as-sets,bgpd/bgp_vty.c,BGP_NODE,MISSING,add,1-globals,
bgp_retain_route_target_cmd,[no$no] bgp retain route-target all,bgpd/bgp_vty.c,BGP_VPNV4_NODE;BGP_VPNV6_NODE,MISSING,add,4-network-vpn,
bgp_router_id_cmd,bgp router-id A.B.C.D,bgpd/bgp_vty.c,BGP_NODE,PARTIAL,fix,1-globals,
bgp_rpkt_quanta_cmd,[no] read-quanta (1-10)$quanta,bgpd/bgp_vty.c,BGP_NODE,PARTIAL,fix,1-globals,
bgp_rr_allow_outbound_policy_cmd,bgp route-reflector allow-outbound-policy,bgpd/bgp_vty.c,BGP_NODE,MISSING,add,1-globals,
bgp_segment_routing_srv6_cmd,segment-routing srv6,bgpd/bgp_vty.c,BGP_NODE,MISSING,add,6-srv6-ls-upa-fs,
bgp_session_dscp_cmd,bgp session-dscp (0-63)$dscp,bgpd/bgp_vty.c,CONFIG_NODE,MISSING,add,1-globals,
bgp_set_route_map_delay_timer_cmd,bgp route-map delay-timer (0-600),bgpd/bgp_vty.c,BGP_NODE;CONFIG_NODE,PARTIAL,fix,8-filter-rmap,
bgp_shutdown_cmd,bgp shutdown,bgpd/bgp_vty.c,BGP_NODE,PARTIAL,fix,1-globals,
bgp_shutdown_msg_cmd,bgp shutdown message MSG...,bgpd/bgp_vty.c,BGP_NODE,PARTIAL,fix,1-globals,
bgp_sid_vpn_export_cmd,[no] sid vpn per-vrf export <(1-4294967295)$sid_idx|auto$sid_auto|explicit$sid_explicit X:X::X:X$sid_value>,bgpd/bgp_vty.c,BGP_NODE,MISSING,add,1-globals,
bgp_snmp_traps_bgp4_mibv2_cmd,[no$no] bgp snmp traps bgp4-mibv2,bgpd/bgp_snmp.c,CONFIG_NODE,MISSING,add,1-globals,
bgp_snmp_traps_rfc4273_cmd,[no$no] bgp snmp traps rfc4273,bgpd/bgp_snmp.c,CONFIG_NODE,MISSING,add,1-globals,
bgp_snmp_traps_rfc4382_cmd,[no$no] bgp snmp traps rfc4382,bgpd/bgp_snmp.c,CONFIG_NODE,MISSING,add,1-globals,
bgp_srv6_encap_behavior_cmd,[no$no] encap-behavior <H_Encaps|H_Encaps_Red>$encap_behavior,bgpd/bgp_vty.c,BGP_SRV6_NODE,MISSING,add,6-srv6-ls-upa-fs,
bgp_srv6_locator_cmd,locator NAME$name,bgpd/bgp_vty.c,BGP_SRV6_NODE,MISSING,add,6-srv6-ls-upa-fs,
bgp_srv6_only_cmd,[no] srv6-only,bgpd/bgp_vty.c,BGP_SRV6_NODE,MISSING,add,6-srv6-ls-upa-fs,
bgp_suppress_duplicates_cmd,bgp suppress-duplicates,bgpd/bgp_vty.c,BGP_NODE,PARTIAL,fix,5-evpn,
bgp_suppress_fib_pending_cmd,[no] bgp suppress-fib-pending [(0-10000)$delay],bgpd/bgp_vty.c,BGP_NODE,MISSING,add,1-globals,
bgp_table_map_cmd,table-map WORD,bgpd/bgp_route.c,BGP_IPV4M_NODE;BGP_IPV4_NODE;BGP_IPV6_NODE;BGP_NODE,MISSING,add,4-network-vpn,
bgp_tcp_keepalive_cmd,bgp tcp-keepalive (1-65535)$idle (1-65535)$intvl (1-30)$probes,bgpd/bgp_vty.c,BGP_NODE,PARTIAL,fix,1-globals,
bgp_timers_cmd,timers bgp (0-65535) (0-65535),bgpd/bgp_vty.c,BGP_NODE,PARTIAL,fix,1-globals,
bgp_update_delay_cmd,update-delay (0-3600)$delay [(1-3600)$wait],bgpd/bgp_vty.c,BGP_NODE,MISSING,add,1-globals,
bgp_use_underlying_nexthop_weight_cmd,[no] use-underlays-nexthop-weight,bgpd/bgp_vty.c,BGP_NODE,PARTIAL,fix,1-globals,
bgp_wpkt_quanta_cmd,[no] write-quanta (1-64)$quanta,bgpd/bgp_vty.c,BGP_NODE,PARTIAL,fix,1-globals,
bmp_acl_cmd,[no] <ip|ipv6>$af access-list ACCESSLIST_NAME$access_list,bgpd/bgp_bmp.c,BMP_NODE,PARTIAL,fix,7-bmp-rpki,
bmp_connect_cmd,[no] bmp connect HOSTNAME port (1-65535) {min-retry (100-86400000)|max-retry (100-86400000)} [source-interface <WORD$src,bgpd/bgp_bmp.c,BMP_NODE,PARTIAL,fix,7-bmp-rpki,
bmp_import_vrf_cmd,[no] bmp import-vrf-view VRFNAME$vrfname,bgpd/bgp_bmp.c,BMP_NODE,PARTIAL,fix,7-bmp-rpki,
bmp_listener_cmd,bmp listener <X:X::X:X|A.B.C.D> port (1-65535),bgpd/bgp_bmp.c,BMP_NODE,PARTIAL,fix,7-bmp-rpki,
bmp_mirror_cmd,[no] bmp mirror,bgpd/bgp_bmp.c,BMP_NODE,PARTIAL,fix,7-bmp-rpki,
bmp_mirror_limit_cmd,bmp mirror buffer-limit (0-4294967294),bgpd/bgp_bmp.c,BGP_NODE,PARTIAL,fix,7-bmp-rpki,
bmp_monitor_cmd,[no] bmp monitor <ipv4|ipv6|l2vpn> <unicast|multicast|evpn|vpn> <pre-policy|post-policy|loc-rib>$policy,bgpd/bgp_bmp.c,BMP_NODE,PARTIAL,fix,7-bmp-rpki,
bmp_stats_cmd,[no] bmp stats [interval (100-86400000)],bgpd/bgp_bmp.c,BMP_NODE,PARTIAL,fix,7-bmp-rpki,
bmp_stats_send_experimental_cmd,[no] bmp stats send-experimental,bgpd/bgp_bmp.c,BMP_NODE,MISSING,add,7-bmp-rpki,
bmp_targets_cmd,,?,BGP_NODE,PARTIAL,fix,7-bmp-rpki,
dump_bgp_all_cmd,dump bgp <all|all-et|updates|updates-et|routes-mrt> PATH [INTERVAL],bgpd/bgp_dump.c,CONFIG_NODE,MISSING,add,1-globals,
dup_addr_detection_auto_recovery_cmd,dup-addr-detection freeze <permanent |(30-3600)$freeze_time_val>,bgpd/bgp_evpn_vty.c,BGP_EVPN_NODE,MISSING,add,5-evpn,
dup_addr_detection_cmd,dup-addr-detection [max-moves (2-1000)$max_moves_val time (2-1800)$time_val],bgpd/bgp_evpn_vty.c,BGP_EVPN_NODE,MISSING,add,5-evpn,
evpnrt5_network_cmd,network <A.B.C.D/M|X:X::X:X/M> rd ASN:NN_OR_IP-ADDRESS:NN ethtag WORD label WORD esi WORD gwip <A.B.C.D|X:X::X:X> router,bgpd/bgp_evpn_vty.c,BGP_EVPN_NODE,PARTIAL,fix,5-evpn,
exit_address_family_cmd,exit-address-family,bgpd/bgp_vty.c,BGP_EVPN_NODE;BGP_FLOWSPECV4_NODE;BGP_FLOWSPECV6_NODE;BGP_IPV4L_NODE;BGP_IPV4M_NODE;BGP_IPV4U_NODE;BGP_IPV4_NODE;BGP_IPV6L_NODE;BGP_IPV6M_NODE;BGP_IPV6U_NODE;BGP_IPV6_NODE;BGP_LS_NODE;BGP_VPNV4_NODE;BGP_VPNV6_NODE,MISSING,add,1-globals,
exit_vnc_cmd,exit-vnc,bgpd/rfapi/bgp_rfapi_cfg.c,BGP_VNC_DEFAULTS_NODE;BGP_VNC_L2_GROUP_NODE;BGP_VNC_NVE_GROUP_NODE,MISSING,skip-vnc,10-vnc,
exit_vni_cmd,exit-vni,bgpd/bgp_evpn_vty.c,BGP_EVPN_VNI_NODE,MISSING,add,5-evpn,
ipv6_bgp_distance_source_access_list_cmd,distance (1-255) X:X::X:X/M WORD,bgpd/bgp_route.c,BGP_IPV6M_NODE;BGP_IPV6_NODE,PARTIAL,fix,4-network-vpn,
ipv6_bgp_distance_source_cmd,distance (1-255) X:X::X:X/M,bgpd/bgp_route.c,BGP_IPV6M_NODE;BGP_IPV6_NODE,PARTIAL,fix,4-network-vpn,
ipv6_bgp_network_cmd,[no] network X:X::X:X/M$prefix \ 	[{route-map RMAP_NAME$map_name|label-index (0-1048560)$label_index}],bgpd/bgp_route.c,BGP_IPV6L_NODE;BGP_IPV6M_NODE;BGP_IPV6_NODE,PARTIAL,fix,4-network-vpn,
macvrf_soo_global_cmd,mac-vrf soo ASN:NN_OR_IP-ADDRESS:NN$soo,bgpd/bgp_evpn_vty.c,BGP_EVPN_NODE,MISSING,add,5-evpn,
match_alias_cmd,match alias ALIAS_NAME,bgpd/bgp_routemap.c,RMAP_NODE,MISSING,add,8-filter-rmap,
match_aspath_cmd,match as-path AS_PATH_FILTER_NAME,bgpd/bgp_routemap.c,RMAP_NODE,MISSING,add,8-filter-rmap,
match_aspath_count_cmd,[no$no] match as-path-count ![(0-1028)$count],bgpd/bgp_routemap.c,RMAP_NODE,MISSING,add,8-filter-rmap,
match_community_cmd,match community <(1-99)|(100-500)|COMMUNITY_LIST_NAME> [<exact-match$exact|any$any>],bgpd/bgp_routemap.c,RMAP_NODE,MISSING,add,8-filter-rmap,
match_community_limit_cmd,[no$no] match community-limit ![(0-65535)$limit],bgpd/bgp_routemap.c,RMAP_NODE,MISSING,add,8-filter-rmap,
match_ecommunity_cmd,match extcommunity <(1-99)|(100-500)|EXTCOMMUNITY_LIST_NAME> [<exact-match$exact|any$any>],bgpd/bgp_routemap.c,RMAP_NODE,MISSING,add,8-filter-rmap,
match_evpn_default_route_cmd,match evpn default-route,bgpd/bgp_routemap.c,RMAP_NODE,MISSING,add,8-filter-rmap,
match_evpn_rd_cmd,match evpn rd ASN:NN_OR_IP-ADDRESS:NN,bgpd/bgp_routemap.c,RMAP_NODE,MISSING,add,8-filter-rmap,
match_evpn_route_type_cmd,match evpn route-type <ead|1|macip|2|multicast|3|es|4|prefix|5>,bgpd/bgp_routemap.c,RMAP_NODE,MISSING,add,8-filter-rmap,
match_evpn_vni_cmd,match evpn vni,bgpd/bgp_routemap.c,RMAP_NODE,MISSING,add,8-filter-rmap,
match_extcommunity_limit_cmd,[no$no] match extcommunity-limit ![(0-65535)$limit],bgpd/bgp_routemap.c,RMAP_NODE,MISSING,add,8-filter-rmap,
match_ip_route_source_cmd,match ip route-source ACCESSLIST4_NAME,bgpd/bgp_routemap.c,RMAP_NODE,MISSING,add,8-filter-rmap,
match_ip_route_source_prefix_list_cmd,match ip route-source prefix-list PREFIXLIST_NAME,bgpd/bgp_routemap.c,RMAP_NODE,PARTIAL,fix,8-filter-rmap,
match_ipv4_next_hop_cmd,match ip next-hop address A.B.C.D,bgpd/bgp_routemap.c,RMAP_NODE,MISSING,add,8-filter-rmap,
match_ipv6_next_hop_address_cmd,match ipv6 next-hop address X:X::X:X,bgpd/bgp_routemap.c,RMAP_NODE,MISSING,add,8-filter-rmap,
match_ipv6_next_hop_old_cmd,match ipv6 next-hop X:X::X:X,bgpd/bgp_routemap.c,RMAP_NODE,MISSING,add,8-filter-rmap,
match_lcommunity_cmd,match large-community <(1-99)|(100-500)|LCOMMUNITY_LIST_NAME> [<exact-match$exact|any$any>],bgpd/bgp_routemap.c,RMAP_NODE,MISSING,add,8-filter-rmap,
match_local_pref_cmd,match local-preference (0-4294967295),bgpd/bgp_routemap.c,RMAP_NODE,MISSING,add,8-filter-rmap,
match_mac_address_cmd,match mac address ACCESSLIST_MAC_NAME,bgpd/bgp_routemap.c,RMAP_NODE,MISSING,add,8-filter-rmap,
match_origin_cmd,match origin <egp|igp|incomplete>,bgpd/bgp_routemap.c,RMAP_NODE,MISSING,add,8-filter-rmap,
match_peer_cmd,match peer <A.B.C.D$addrv4|X:X::X:X$addrv6|WORD$intf>,bgpd/bgp_routemap.c,RMAP_NODE,MISSING,add,8-filter-rmap,
match_peer_local_cmd,match peer local,bgpd/bgp_routemap.c,RMAP_NODE,MISSING,add,8-filter-rmap,
match_probability_cmd,match probability (0-100),bgpd/bgp_routemap.c,RMAP_NODE,MISSING,add,8-filter-rmap,
match_rpki_cmd,match rpki <valid|invalid|notfound>,bgpd/bgp_rpki.c,RMAP_NODE,PARTIAL,fix,7-bmp-rpki,
match_rpki_extcommunity_cmd,[no$no] match rpki-extcommunity <valid|invalid|notfound>,bgpd/bgp_routemap.c,RMAP_NODE,PARTIAL,fix,8-filter-rmap,
match_script_cmd,[no] match script WORD,bgpd/bgp_routemap.c,RMAP_NODE,MISSING,add,8-filter-rmap,
match_source_protocol_cmd,match source-protocol,bgpd/bgp_routemap.c,RMAP_NODE,MISSING,add,8-filter-rmap,
match_src_peer_cmd,match src-peer <A.B.C.D$addrv4|X:X::X:X$addrv6|WORD$intf>,bgpd/bgp_routemap.c,RMAP_NODE,MISSING,add,8-filter-rmap,
match_vpn_dataplane_cmd,[no$no] match vpn dataplane [<mpls|srv6|vxlan>$dataplane],bgpd/bgp_routemap.c,RMAP_NODE,MISSING,add,8-filter-rmap,
match_vrl_source_vrf_cmd,match source-vrf NAME$vrf_name,bgpd/bgp_routemap.c,RMAP_NODE,MISSING,add,8-filter-rmap,
neighbor_accept_own_cmd,[no$no] neighbor <A.B.C.D|X:X::X:X|WORD>$neighbor accept-own,bgpd/bgp_vty.c,BGP_VPNV4_NODE;BGP_VPNV6_NODE,MISSING,add,2-neighbor-session,
neighbor_activate_cmd,neighbor <A.B.C.D|X:X::X:X|WORD> activate,bgpd/bgp_vty.c,BGP_EVPN_NODE;BGP_FLOWSPECV4_NODE;BGP_FLOWSPECV6_NODE;BGP_IPV4L_NODE;BGP_IPV4M_NODE;BGP_IPV4U_NODE;BGP_IPV4_NODE;BGP_IPV6L_NODE;BGP_IPV6M_NODE;BGP_IPV6U_NODE;BGP_IPV6_NODE;BGP_LS_NODE;BGP_VPNV4_NODE;BGP_VPNV6_NODE,PARTIAL,fix,2-neighbor-session,
neighbor_activate_hidden_cmd,neighbor <A.B.C.D|X:X::X:X|WORD> activate,bgpd/bgp_vty.c,BGP_NODE,PARTIAL,fix,2-neighbor-session,
neighbor_addpath_paths_limit_cmd,neighbor <A.B.C.D|X:X::X:X|WORD>$neighbor addpath-rx-paths-limit (1-65535)$paths_limit,bgpd/bgp_vty.c,BGP_EVPN_NODE;BGP_IPV4L_NODE;BGP_IPV4M_NODE;BGP_IPV4_NODE;BGP_IPV6L_NODE;BGP_IPV6M_NODE;BGP_IPV6_NODE;BGP_NODE;BGP_VPNV4_NODE;BGP_VPNV6_NODE,PARTIAL,fix,2-neighbor-session,
neighbor_addpath_tx_all_paths_cmd,neighbor <A.B.C.D|X:X::X:X|WORD> addpath-tx-all-paths,bgpd/bgp_vty.c,BGP_EVPN_NODE;BGP_IPV4L_NODE;BGP_IPV4M_NODE;BGP_IPV4_NODE;BGP_IPV6L_NODE;BGP_IPV6M_NODE;BGP_IPV6_NODE;BGP_VPNV4_NODE;BGP_VPNV6_NODE,PARTIAL,fix,2-neighbor-session,
neighbor_addpath_tx_all_paths_hidden_cmd,neighbor <A.B.C.D|X:X::X:X|WORD> addpath-tx-all-paths,bgpd/bgp_vty.c,BGP_NODE,PARTIAL,fix,2-neighbor-session,
neighbor_addpath_tx_best_selected_paths_cmd,neighbor <A.B.C.D|X:X::X:X|WORD>$neighbor addpath-tx-best-selected (1-6)$paths,bgpd/bgp_vty.c,BGP_EVPN_NODE;BGP_IPV4L_NODE;BGP_IPV4M_NODE;BGP_IPV4_NODE;BGP_IPV6L_NODE;BGP_IPV6M_NODE;BGP_IPV6_NODE;BGP_VPNV4_NODE;BGP_VPNV6_NODE,PARTIAL,fix,2-neighbor-session,
neighbor_addpath_tx_bestpath_per_as_cmd,neighbor <A.B.C.D|X:X::X:X|WORD> addpath-tx-bestpath-per-AS,bgpd/bgp_vty.c,BGP_EVPN_NODE;BGP_IPV4L_NODE;BGP_IPV4M_NODE;BGP_IPV4_NODE;BGP_IPV6L_NODE;BGP_IPV6M_NODE;BGP_IPV6_NODE;BGP_VPNV4_NODE;BGP_VPNV6_NODE,PARTIAL,fix,2-neighbor-session,
neighbor_addpath_tx_bestpath_per_as_hidden_cmd,neighbor <A.B.C.D|X:X::X:X|WORD> addpath-tx-bestpath-per-AS,bgpd/bgp_vty.c,BGP_NODE,PARTIAL,fix,2-neighbor-session,
neighbor_advertise_interval_cmd,neighbor <A.B.C.D|X:X::X:X|WORD> advertisement-interval (0-600),bgpd/bgp_vty.c,BGP_NODE,MISSING,add,2-neighbor-session,
neighbor_advertise_map_cmd,[no$no] neighbor <A.B.C.D|X:X::X:X|WORD>$neighbor advertise-map RMAP_NAME$advertise_str <exist-map|non-exist-map>$exist ,bgpd/bgp_vty.c,BGP_IPV4L_NODE;BGP_IPV4M_NODE;BGP_IPV4_NODE;BGP_IPV6L_NODE;BGP_IPV6M_NODE;BGP_IPV6_NODE;BGP_VPNV4_NODE;BGP_VPNV6_NODE,MISSING,add,2-neighbor-session,
neighbor_advertise_map_hidden_cmd,[no$no] neighbor <A.B.C.D|X:X::X:X|WORD>$neighbor advertise-map RMAP_NAME$advertise_str <exist-map|non-exist-map>$exist ,bgpd/bgp_vty.c,BGP_NODE,MISSING,add,2-neighbor-session,
neighbor_aigp_cmd,[no$no] neighbor <A.B.C.D|X:X::X:X|WORD>$neighbor aigp,bgpd/bgp_vty.c,BGP_NODE,MISSING,add,2-neighbor-session,
neighbor_allowas_in_cmd,neighbor <A.B.C.D|X:X::X:X|WORD>$neighbor allowas-in [route-map RMAP_NAME$rmap_name] [<(1-10)$allow_num|origin$origin_kw,bgpd/bgp_vty.c,BGP_EVPN_NODE;BGP_IPV4L_NODE;BGP_IPV4M_NODE;BGP_IPV4U_NODE;BGP_IPV4_NODE;BGP_IPV6L_NODE;BGP_IPV6M_NODE;BGP_IPV6U_NODE;BGP_IPV6_NODE;BGP_VPNV4_NODE;BGP_VPNV6_NODE,PARTIAL,fix,2-neighbor-session,
neighbor_allowas_in_hidden_cmd,neighbor <A.B.C.D|X:X::X:X|WORD>$neighbor allowas-in [route-map RMAP_NAME$rmap_name] [<(1-10)$allow_num|origin$origin_kw,bgpd/bgp_vty.c,BGP_NODE,PARTIAL,fix,2-neighbor-session,
neighbor_as_override_cmd,neighbor <A.B.C.D|X:X::X:X|WORD> as-override,bgpd/bgp_vty.c,BGP_IPV4L_NODE;BGP_IPV4M_NODE;BGP_IPV4_NODE;BGP_IPV6L_NODE;BGP_IPV6M_NODE;BGP_IPV6_NODE;BGP_VPNV4_NODE;BGP_VPNV6_NODE,MISSING,add,2-neighbor-session,
neighbor_as_override_hidden_cmd,neighbor <A.B.C.D|X:X::X:X|WORD> as-override,bgpd/bgp_vty.c,BGP_NODE,MISSING,add,2-neighbor-session,
neighbor_aspath_loop_detection_cmd,neighbor <A.B.C.D|X:X::X:X|WORD>$neighbor sender-as-path-loop-detection,bgpd/bgp_vty.c,BGP_NODE,MISSING,add,2-neighbor-session,
neighbor_attr_unchanged_cmd,neighbor <A.B.C.D|X:X::X:X|WORD> attribute-unchanged [{as-path|next-hop|med}],bgpd/bgp_vty.c,BGP_EVPN_NODE;BGP_FLOWSPECV4_NODE;BGP_FLOWSPECV6_NODE;BGP_IPV4L_NODE;BGP_IPV4M_NODE;BGP_IPV4_NODE;BGP_IPV6L_NODE;BGP_IPV6M_NODE;BGP_IPV6_NODE;BGP_VPNV4_NODE;BGP_VPNV6_NODE,PARTIAL,fix,2-neighbor-session,
neighbor_attr_unchanged_hidden_cmd,neighbor <A.B.C.D|X:X::X:X|WORD> attribute-unchanged [{as-path|next-hop|med}],bgpd/bgp_vty.c,BGP_NODE,PARTIAL,fix,2-neighbor-session,
neighbor_bfd_check_controlplane_failure_cmd,[no] neighbor <A.B.C.D|X:X::X:X|WORD> bfd check-control-plane-failure,bgpd/bgp_bfd.c,BGP_NODE,PARTIAL,fix,2-neighbor-session,
neighbor_bfd_cmd,neighbor <A.B.C.D|X:X::X:X|WORD> bfd,bgpd/bgp_bfd.c,BGP_NODE,PARTIAL,fix,2-neighbor-session,
neighbor_bfd_param_cmd,neighbor <A.B.C.D|X:X::X:X|WORD> bfd (2-255) (50-60000) (50-60000),bgpd/bgp_bfd.c,BGP_NODE,PARTIAL,fix,2-neighbor-session,
neighbor_bfd_profile_cmd,neighbor <A.B.C.D|X:X::X:X|WORD> bfd profile BFDPROF,bgpd/bgp_bfd.c,BGP_NODE,PARTIAL,fix,2-neighbor-session,
neighbor_bfd_strict_cmd,[no$no] neighbor <A.B.C.D|X:X::X:X|WORD>$neighbor bfd strict,bgpd/bgp_bfd.c,BGP_NODE,PARTIAL,fix,2-neighbor-session,
neighbor_bfd_strict_hold_time_cmd,[no$no] neighbor <A.B.C.D|X:X::X:X|WORD>$neighbor bfd strict hold-time ![(1-4294967295)$hold_time],bgpd/bgp_bfd.c,BGP_NODE,PARTIAL,fix,2-neighbor-session,
neighbor_capability_dynamic_cmd,neighbor <A.B.C.D|X:X::X:X|WORD> capability dynamic,bgpd/bgp_vty.c,BGP_NODE,MISSING,add,2-neighbor-session,
neighbor_capability_enhe_cmd,neighbor <A.B.C.D|X:X::X:X|WORD> capability extended-nexthop,bgpd/bgp_vty.c,BGP_NODE,MISSING,add,2-neighbor-session,
neighbor_capability_fqdn_cmd,[no$no] neighbor <A.B.C.D|X:X::X:X|WORD>$neighbor capability fqdn,bgpd/bgp_vty.c,BGP_NODE,MISSING,add,2-neighbor-session,
neighbor_capability_link_local_cmd,[no$no] neighbor <A.B.C.D|X:X::X:X|WORD>$neighbor capability link-local,bgpd/bgp_vty.c,BGP_NODE,MISSING,add,2-neighbor-session,
neighbor_capability_orf_prefix_cmd,neighbor <A.B.C.D|X:X::X:X|WORD> capability orf prefix-list <both|send|receive>,bgpd/bgp_vty.c,BGP_IPV4L_NODE;BGP_IPV4M_NODE;BGP_IPV4_NODE;BGP_IPV6L_NODE;BGP_IPV6M_NODE;BGP_IPV6_NODE,PARTIAL,fix,3-af-policy,
neighbor_capability_orf_prefix_hidden_cmd,neighbor <A.B.C.D|X:X::X:X|WORD> capability orf prefix-list <both|send|receive>,bgpd/bgp_vty.c,BGP_NODE,PARTIAL,fix,3-af-policy,
neighbor_capability_software_version_cmd,[no$no] neighbor <A.B.C.D|X:X::X:X|WORD>$neighbor capability software-version [latest-encoding$latest_encoding],bgpd/bgp_vty.c,BGP_NODE,MISSING,add,2-neighbor-session,
neighbor_damp_cmd,neighbor <A.B.C.D|X:X::X:X|WORD>$neighbor dampening [(1-45)$half [(1-20000)$reuse (1-20000)$suppress (1-255)$max]],bgpd/bgp_vty.c,BGP_IPV4L_NODE;BGP_IPV4M_NODE;BGP_IPV4_NODE;BGP_IPV6L_NODE;BGP_IPV6M_NODE;BGP_IPV6_NODE;BGP_NODE,MISSING,add,2-neighbor-session,
neighbor_default_originate_cmd,neighbor <A.B.C.D|X:X::X:X|WORD> default-originate,bgpd/bgp_vty.c,BGP_IPV4L_NODE;BGP_IPV4M_NODE;BGP_IPV4_NODE;BGP_IPV6L_NODE;BGP_IPV6M_NODE;BGP_IPV6_NODE,PARTIAL,fix,2-neighbor-session,
neighbor_default_originate_hidden_cmd,neighbor <A.B.C.D|X:X::X:X|WORD> default-originate,bgpd/bgp_vty.c,BGP_NODE,PARTIAL,fix,2-neighbor-session,
neighbor_default_originate_rmap_cmd,neighbor <A.B.C.D|X:X::X:X|WORD> default-originate route-map RMAP_NAME,bgpd/bgp_vty.c,BGP_IPV4L_NODE;BGP_IPV4M_NODE;BGP_IPV4_NODE;BGP_IPV6L_NODE;BGP_IPV6M_NODE;BGP_IPV6_NODE,PARTIAL,fix,8-filter-rmap,
neighbor_default_originate_rmap_hidden_cmd,neighbor <A.B.C.D|X:X::X:X|WORD> default-originate route-map RMAP_NAME,bgpd/bgp_vty.c,BGP_NODE,PARTIAL,fix,8-filter-rmap,
neighbor_description_cmd,neighbor <A.B.C.D|X:X::X:X|WORD> description LINE...,bgpd/bgp_vty.c,BGP_NODE,PARTIAL,fix,2-neighbor-session,
neighbor_disable_addpath_rx_cmd,neighbor <A.B.C.D|X:X::X:X|WORD> disable-addpath-rx,bgpd/bgp_vty.c,BGP_EVPN_NODE;BGP_IPV4L_NODE;BGP_IPV4M_NODE;BGP_IPV4_NODE;BGP_IPV6L_NODE;BGP_IPV6M_NODE;BGP_IPV6_NODE;BGP_VPNV4_NODE;BGP_VPNV6_NODE,PARTIAL,fix,3-af-policy,
neighbor_disable_connected_check_cmd,neighbor <A.B.C.D|X:X::X:X|WORD> <disable-connected-check|enforce-multihop>,bgpd/bgp_vty.c,BGP_NODE,MISSING,add,2-neighbor-session,
neighbor_disable_link_bw_encoding_ieee_cmd,neighbor <A.B.C.D|X:X::X:X|WORD> disable-link-bw-encoding-ieee,bgpd/bgp_vty.c,BGP_NODE,MISSING,add,2-neighbor-session,
neighbor_distribute_list_cmd,neighbor <A.B.C.D|X:X::X:X|WORD> distribute-list ACCESSLIST_NAME <in|out>,bgpd/bgp_vty.c,BGP_IPV4L_NODE;BGP_IPV4M_NODE;BGP_IPV4_NODE;BGP_IPV6L_NODE;BGP_IPV6M_NODE;BGP_IPV6_NODE;BGP_VPNV4_NODE;BGP_VPNV6_NODE,MISSING,add,2-neighbor-session,
neighbor_distribute_list_hidden_cmd,neighbor <A.B.C.D|X:X::X:X|WORD> distribute-list ACCESSLIST_NAME <in|out>,bgpd/bgp_vty.c,BGP_NODE,MISSING,add,2-neighbor-session,
neighbor_dont_capability_negotiate_cmd,neighbor <A.B.C.D|X:X::X:X|WORD> dont-capability-negotiate,bgpd/bgp_vty.c,BGP_NODE,MISSING,add,2-neighbor-session,
neighbor_ebgp_multihop_cmd,neighbor <A.B.C.D|X:X::X:X|WORD> ebgp-multihop,bgpd/bgp_vty.c,BGP_NODE,PARTIAL,fix,2-neighbor-session,
neighbor_ebgp_multihop_ttl_cmd,neighbor <A.B.C.D|X:X::X:X|WORD> ebgp-multihop (1-255),bgpd/bgp_vty.c,BGP_NODE,PARTIAL,fix,2-neighbor-session,
neighbor_ecommunity_rpki_cmd,[no$no] neighbor <A.B.C.D|X:X::X:X|WORD>$neighbor send-community extended rpki,bgpd/bgp_vty.c,BGP_IPV4L_NODE;BGP_IPV4M_NODE;BGP_IPV4_NODE;BGP_IPV6L_NODE;BGP_IPV6M_NODE;BGP_IPV6_NODE;BGP_NODE;BGP_VPNV4_NODE;BGP_VPNV6_NODE,PARTIAL,fix,7-bmp-rpki,
neighbor_encap_srv6_cmd,[no] neighbor <X:X::X:X|WORD>$neighbor <encapsulation-srv6|encapsulation-srv6-relax>$encap,bgpd/bgp_vty.c,BGP_IPV4_NODE;BGP_IPV6_NODE,MISSING,add,6-srv6-ls-upa-fs,
neighbor_encapsulation_srv6_or_mpls_cmd,[no] neighbor <A.B.C.D|X:X::X:X|WORD>$peer_str <encapsulation-srv6$srv6|encapsulation-mpls$mpls>,bgpd/bgp_vty.c,BGP_VPNV4_NODE;BGP_VPNV6_NODE,MISSING,add,6-srv6-ls-upa-fs,
neighbor_enforce_first_as_cmd,neighbor <A.B.C.D|X:X::X:X|WORD> enforce-first-as,bgpd/bgp_vty.c,BGP_NODE,MISSING,add,2-neighbor-session,
neighbor_extended_link_bw_cmd,[no] neighbor <A.B.C.D|X:X::X:X|WORD>$neighbor extended-link-bandwidth,bgpd/bgp_vty.c,BGP_NODE,MISSING,add,2-neighbor-session,
neighbor_extended_optional_parameters_cmd,neighbor <A.B.C.D|X:X::X:X|WORD> extended-optional-parameters,bgpd/bgp_vty.c,BGP_NODE,MISSING,add,2-neighbor-session,
neighbor_filter_list_cmd,neighbor <A.B.C.D|X:X::X:X|WORD> filter-list AS_PATH_FILTER_NAME <in|out>,bgpd/bgp_vty.c,BGP_FLOWSPECV4_NODE;BGP_FLOWSPECV6_NODE;BGP_IPV4L_NODE;BGP_IPV4M_NODE;BGP_IPV4_NODE;BGP_IPV6L_NODE;BGP_IPV6M_NODE;BGP_IPV6_NODE;BGP_VPNV4_NODE;BGP_VPNV6_NODE,PARTIAL,fix,2-neighbor-session,
neighbor_filter_list_hidden_cmd,neighbor <A.B.C.D|X:X::X:X|WORD> filter-list AS_PATH_FILTER_NAME <in|out>,bgpd/bgp_vty.c,BGP_NODE,PARTIAL,fix,2-neighbor-session,
neighbor_graceful_shutdown_cmd,[no$no] neighbor <A.B.C.D|X:X::X:X|WORD>$neighbor_str graceful-shutdown,bgpd/bgp_vty.c,BGP_NODE,PARTIAL,fix,2-neighbor-session,
neighbor_interface_cmd,neighbor <A.B.C.D|X:X::X:X> interface WORD,bgpd/bgp_vty.c,BGP_NODE,MISSING,add,2-neighbor-session,
neighbor_interface_config_cmd,neighbor WORD interface [peer-group PGNAME],bgpd/bgp_vty.c,BGP_NODE,MISSING,add,2-neighbor-session,
neighbor_interface_config_remote_as_cmd,neighbor WORD interface remote-as <ASNUM|internal|external|auto>,bgpd/bgp_vty.c,BGP_NODE,MISSING,add,2-neighbor-session,
neighbor_interface_config_v6only_cmd,neighbor WORD interface v6only [peer-group PGNAME],bgpd/bgp_vty.c,BGP_NODE,MISSING,add,2-neighbor-session,
neighbor_interface_v6only_config_remote_as_cmd,neighbor WORD interface v6only remote-as <ASNUM|internal|external|auto>,bgpd/bgp_vty.c,BGP_NODE,MISSING,add,2-neighbor-session,
neighbor_ip_transparent_cmd,[no$no] neighbor <A.B.C.D|X:X::X:X|WORD>$neighbor ip-transparent,bgpd/bgp_vty.c,BGP_NODE,MISSING,add,2-neighbor-session,
neighbor_local_as_cmd,neighbor <A.B.C.D|X:X::X:X|WORD> local-as ASNUM,bgpd/bgp_vty.c,BGP_NODE,PARTIAL,fix,2-neighbor-session,
neighbor_local_as_no_prepend_cmd,neighbor <A.B.C.D|X:X::X:X|WORD> local-as ASNUM no-prepend,bgpd/bgp_vty.c,BGP_NODE,PARTIAL,fix,2-neighbor-session,
neighbor_local_as_no_prepend_replace_as_cmd,neighbor <A.B.C.D|X:X::X:X|WORD> local-as ASNUM no-prepend replace-as [dual-as$dual_as],bgpd/bgp_vty.c,BGP_NODE,PARTIAL,fix,2-neighbor-session,
neighbor_ls_local_link_id_cmd,neighbor <A.B.C.D|X:X::X:X|WORD>$peer_str local-link-id (1-4294967295)$link_id,bgpd/bgp_vty.c,BGP_NODE,MISSING,add,2-neighbor-session,
neighbor_ls_remote_link_id_cmd,neighbor <A.B.C.D|X:X::X:X|WORD>$peer_str remote-link-id (1-4294967295)$link_id,bgpd/bgp_vty.c,BGP_NODE,MISSING,add,2-neighbor-session,
neighbor_maximum_prefix_cmd,neighbor <A.B.C.D|X:X::X:X|WORD> maximum-prefix (1-4294967295) [force],bgpd/bgp_vty.c,BGP_EVPN_NODE;BGP_IPV4L_NODE;BGP_IPV4M_NODE;BGP_IPV4U_NODE;BGP_IPV4_NODE;BGP_IPV6L_NODE;BGP_IPV6M_NODE;BGP_IPV6U_NODE;BGP_IPV6_NODE;BGP_VPNV4_NODE;BGP_VPNV6_NODE,MISSING,add,3-af-policy,
neighbor_maximum_prefix_hidden_cmd,neighbor <A.B.C.D|X:X::X:X|WORD> maximum-prefix (1-4294967295) [force],bgpd/bgp_vty.c,BGP_NODE,MISSING,add,3-af-policy,
neighbor_maximum_prefix_out_cmd,neighbor <A.B.C.D|X:X::X:X|WORD> maximum-prefix-out (1-4294967295),bgpd/bgp_vty.c,BGP_IPV4L_NODE;BGP_IPV4M_NODE;BGP_IPV4U_NODE;BGP_IPV4_NODE;BGP_IPV6L_NODE;BGP_IPV6M_NODE;BGP_IPV6U_NODE;BGP_IPV6_NODE;BGP_NODE;BGP_VPNV4_NODE;BGP_VPNV6_NODE,MISSING,add,3-af-policy,
neighbor_maximum_prefix_restart_cmd,neighbor <A.B.C.D|X:X::X:X|WORD> maximum-prefix (1-4294967295) restart (1-65535) [force],bgpd/bgp_vty.c,BGP_EVPN_NODE;BGP_IPV4L_NODE;BGP_IPV4M_NODE;BGP_IPV4U_NODE;BGP_IPV4_NODE;BGP_IPV6L_NODE;BGP_IPV6M_NODE;BGP_IPV6U_NODE;BGP_IPV6_NODE;BGP_VPNV4_NODE;BGP_VPNV6_NODE,MISSING,add,3-af-policy,
neighbor_maximum_prefix_restart_hidden_cmd,neighbor <A.B.C.D|X:X::X:X|WORD> maximum-prefix (1-4294967295) restart (1-65535) [force],bgpd/bgp_vty.c,BGP_NODE,MISSING,add,3-af-policy,
neighbor_maximum_prefix_threshold_cmd,neighbor <A.B.C.D|X:X::X:X|WORD> maximum-prefix (1-4294967295) (1-100) [force],bgpd/bgp_vty.c,BGP_EVPN_NODE;BGP_IPV4L_NODE;BGP_IPV4M_NODE;BGP_IPV4U_NODE;BGP_IPV4_NODE;BGP_IPV6L_NODE;BGP_IPV6M_NODE;BGP_IPV6U_NODE;BGP_IPV6_NODE;BGP_VPNV4_NODE;BGP_VPNV6_NODE,MISSING,add,3-af-policy,
neighbor_maximum_prefix_threshold_hidden_cmd,neighbor <A.B.C.D|X:X::X:X|WORD> maximum-prefix (1-4294967295) (1-100) [force],bgpd/bgp_vty.c,BGP_NODE,MISSING,add,3-af-policy,
neighbor_maximum_prefix_threshold_restart_cmd,neighbor <A.B.C.D|X:X::X:X|WORD> maximum-prefix (1-4294967295) (1-100) restart (1-65535) [force],bgpd/bgp_vty.c,BGP_EVPN_NODE;BGP_IPV4L_NODE;BGP_IPV4M_NODE;BGP_IPV4U_NODE;BGP_IPV4_NODE;BGP_IPV6L_NODE;BGP_IPV6M_NODE;BGP_IPV6U_NODE;BGP_IPV6_NODE;BGP_VPNV4_NODE;BGP_VPNV6_NODE,MISSING,add,3-af-policy,
neighbor_maximum_prefix_threshold_restart_hidden_cmd,neighbor <A.B.C.D|X:X::X:X|WORD> maximum-prefix (1-4294967295) (1-100) restart (1-65535) [force],bgpd/bgp_vty.c,BGP_NODE,MISSING,add,3-af-policy,
neighbor_maximum_prefix_threshold_warning_cmd,neighbor <A.B.C.D|X:X::X:X|WORD> maximum-prefix (1-4294967295) (1-100) warning-only [force],bgpd/bgp_vty.c,BGP_EVPN_NODE;BGP_IPV4L_NODE;BGP_IPV4M_NODE;BGP_IPV4U_NODE;BGP_IPV4_NODE;BGP_IPV6L_NODE;BGP_IPV6M_NODE;BGP_IPV6U_NODE;BGP_IPV6_NODE;BGP_VPNV4_NODE;BGP_VPNV6_NODE,MISSING,add,3-af-policy,
neighbor_maximum_prefix_threshold_warning_hidden_cmd,neighbor <A.B.C.D|X:X::X:X|WORD> maximum-prefix (1-4294967295) (1-100) warning-only [force],bgpd/bgp_vty.c,BGP_NODE,MISSING,add,3-af-policy,
neighbor_maximum_prefix_warning_cmd,neighbor <A.B.C.D|X:X::X:X|WORD> maximum-prefix (1-4294967295) warning-only [force],bgpd/bgp_vty.c,BGP_EVPN_NODE;BGP_IPV4L_NODE;BGP_IPV4M_NODE;BGP_IPV4U_NODE;BGP_IPV4_NODE;BGP_IPV6L_NODE;BGP_IPV6M_NODE;BGP_IPV6U_NODE;BGP_IPV6_NODE;BGP_VPNV4_NODE;BGP_VPNV6_NODE,MISSING,add,3-af-policy,
neighbor_maximum_prefix_warning_hidden_cmd,neighbor <A.B.C.D|X:X::X:X|WORD> maximum-prefix (1-4294967295) warning-only [force],bgpd/bgp_vty.c,BGP_NODE,MISSING,add,3-af-policy,
neighbor_nexthop_local_unchanged_cmd,neighbor <A.B.C.D|X:X::X:X|WORD> nexthop-local unchanged,bgpd/bgp_vty.c,BGP_IPV6_NODE,MISSING,add,2-neighbor-session,
neighbor_nexthop_self_all_hidden_cmd,neighbor <A.B.C.D|X:X::X:X|WORD> next-hop-self all,bgpd/bgp_vty.c,BGP_IPV4L_NODE;BGP_IPV4M_NODE;BGP_IPV4_NODE;BGP_IPV6L_NODE;BGP_IPV6M_NODE;BGP_IPV6_NODE;BGP_NODE;BGP_VPNV4_NODE;BGP_VPNV6_NODE,PARTIAL,fix,2-neighbor-session,
neighbor_nexthop_self_cmd,neighbor <A.B.C.D|X:X::X:X|WORD> next-hop-self,bgpd/bgp_vty.c,BGP_EVPN_NODE;BGP_IPV4L_NODE;BGP_IPV4M_NODE;BGP_IPV4_NODE;BGP_IPV6L_NODE;BGP_IPV6M_NODE;BGP_IPV6_NODE;BGP_VPNV4_NODE;BGP_VPNV6_NODE,PARTIAL,fix,2-neighbor-session,
neighbor_nexthop_self_force_cmd,neighbor <A.B.C.D|X:X::X:X|WORD> next-hop-self force,bgpd/bgp_vty.c,BGP_EVPN_NODE;BGP_IPV4L_NODE;BGP_IPV4M_NODE;BGP_IPV4_NODE;BGP_IPV6L_NODE;BGP_IPV6M_NODE;BGP_IPV6_NODE;BGP_VPNV4_NODE;BGP_VPNV6_NODE,PARTIAL,fix,2-neighbor-session,
neighbor_nexthop_self_force_hidden_cmd,neighbor <A.B.C.D|X:X::X:X|WORD> next-hop-self force,bgpd/bgp_vty.c,BGP_NODE,PARTIAL,fix,2-neighbor-session,
neighbor_nexthop_self_hidden_cmd,neighbor <A.B.C.D|X:X::X:X|WORD> next-hop-self,bgpd/bgp_vty.c,BGP_NODE,PARTIAL,fix,2-neighbor-session,
neighbor_nhc_attribute_cmd,[no] neighbor <A.B.C.D|X:X::X:X|WORD>$neighbor send-nexthop-characteristics,bgpd/bgp_vty.c,BGP_NODE,MISSING,add,2-neighbor-session,
neighbor_oad_cmd,[no$no] neighbor <A.B.C.D|X:X::X:X|WORD>$neighbor oad,bgpd/bgp_vty.c,BGP_NODE,MISSING,add,2-neighbor-session,
neighbor_override_capability_cmd,neighbor <A.B.C.D|X:X::X:X|WORD> override-capability,bgpd/bgp_vty.c,BGP_NODE,MISSING,add,2-neighbor-session,
neighbor_passive_cmd,neighbor <A.B.C.D|X:X::X:X|WORD> passive,bgpd/bgp_vty.c,BGP_NODE,PARTIAL,fix,2-neighbor-session,
neighbor_password_cmd,neighbor <A.B.C.D|X:X::X:X|WORD> password LINE,bgpd/bgp_vty.c,BGP_NODE,PARTIAL,fix,2-neighbor-session,
neighbor_path_attribute_discard_cmd,neighbor <A.B.C.D|X:X::X:X|WORD>$neighbor path-attribute discard (1-255)...,bgpd/bgp_vty.c,BGP_NODE,MISSING,add,2-neighbor-session,
neighbor_path_attribute_treat_as_withdraw_cmd,neighbor <A.B.C.D|X:X::X:X|WORD>$neighbor path-attribute treat-as-withdraw (1-255)...,bgpd/bgp_vty.c,BGP_NODE,MISSING,add,2-neighbor-session,
neighbor_peer_group_cmd,neighbor WORD peer-group,bgpd/bgp_vty.c,BGP_NODE,PARTIAL,fix,2-neighbor-session,
neighbor_port_cmd,neighbor <A.B.C.D|X:X::X:X|WORD> port (0-65535),bgpd/bgp_vty.c,BGP_NODE,MISSING,add,2-neighbor-session,
neighbor_prefix_list_cmd,neighbor <A.B.C.D|X:X::X:X|WORD> prefix-list WORD <in|out>,bgpd/bgp_vty.c,BGP_FLOWSPECV4_NODE;BGP_FLOWSPECV6_NODE;BGP_IPV4L_NODE;BGP_IPV4M_NODE;BGP_IPV4_NODE;BGP_IPV6L_NODE;BGP_IPV6M_NODE;BGP_IPV6_NODE;BGP_VPNV4_NODE;BGP_VPNV6_NODE,PARTIAL,fix,2-neighbor-session,
neighbor_prefix_list_hidden_cmd,neighbor <A.B.C.D|X:X::X:X|WORD> prefix-list WORD <in|out>,bgpd/bgp_vty.c,BGP_NODE,PARTIAL,fix,2-neighbor-session,
neighbor_remote_as_cmd,neighbor <A.B.C.D|X:X::X:X|WORD> remote-as <ASNUM|internal|external|auto>,bgpd/bgp_vty.c,BGP_NODE,PARTIAL,fix,2-neighbor-session,
neighbor_remove_private_as_all_cmd,neighbor <A.B.C.D|X:X::X:X|WORD> remove-private-AS all,bgpd/bgp_vty.c,BGP_IPV4L_NODE;BGP_IPV4M_NODE;BGP_IPV4_NODE;BGP_IPV6L_NODE;BGP_IPV6M_NODE;BGP_IPV6_NODE;BGP_VPNV4_NODE;BGP_VPNV6_NODE,PARTIAL,fix,2-neighbor-session,
neighbor_remove_private_as_all_hidden_cmd,neighbor <A.B.C.D|X:X::X:X|WORD> remove-private-AS all,bgpd/bgp_vty.c,BGP_NODE,PARTIAL,fix,2-neighbor-session,
neighbor_remove_private_as_all_replace_as_cmd,neighbor <A.B.C.D|X:X::X:X|WORD> remove-private-AS all replace-AS,bgpd/bgp_vty.c,BGP_IPV4L_NODE;BGP_IPV4M_NODE;BGP_IPV4_NODE;BGP_IPV6L_NODE;BGP_IPV6M_NODE;BGP_IPV6_NODE;BGP_VPNV4_NODE;BGP_VPNV6_NODE,PARTIAL,fix,2-neighbor-session,
neighbor_remove_private_as_all_replace_as_hidden_cmd,neighbor <A.B.C.D|X:X::X:X|WORD> remove-private-AS all replace-AS,bgpd/bgp_vty.c,BGP_NODE,PARTIAL,fix,2-neighbor-session,
neighbor_remove_private_as_cmd,neighbor <A.B.C.D|X:X::X:X|WORD> remove-private-AS,bgpd/bgp_vty.c,BGP_IPV4L_NODE;BGP_IPV4M_NODE;BGP_IPV4_NODE;BGP_IPV6L_NODE;BGP_IPV6M_NODE;BGP_IPV6_NODE;BGP_VPNV4_NODE;BGP_VPNV6_NODE,PARTIAL,fix,2-neighbor-session,
neighbor_remove_private_as_hidden_cmd,neighbor <A.B.C.D|X:X::X:X|WORD> remove-private-AS,bgpd/bgp_vty.c,BGP_NODE,PARTIAL,fix,2-neighbor-session,
neighbor_remove_private_as_replace_as_cmd,neighbor <A.B.C.D|X:X::X:X|WORD> remove-private-AS replace-AS,bgpd/bgp_vty.c,BGP_IPV4L_NODE;BGP_IPV4M_NODE;BGP_IPV4_NODE;BGP_IPV6L_NODE;BGP_IPV6M_NODE;BGP_IPV6_NODE;BGP_VPNV4_NODE;BGP_VPNV6_NODE,PARTIAL,fix,2-neighbor-session,
neighbor_remove_private_as_replace_as_hidden_cmd,neighbor <A.B.C.D|X:X::X:X|WORD> remove-private-AS replace-AS,bgpd/bgp_vty.c,BGP_NODE,PARTIAL,fix,2-neighbor-session,
neighbor_role_cmd,neighbor <A.B.C.D|X:X::X:X|WORD>$neighbor local-role <provider|rs-server|rs-client|customer|peer>$role,bgpd/bgp_vty.c,BGP_NODE,MISSING,add,2-neighbor-session,
neighbor_role_strict_cmd,neighbor <A.B.C.D|X:X::X:X|WORD>$neighbor local-role <provider|rs-server|rs-client|customer|peer>$role strict-mode,bgpd/bgp_vty.c,BGP_NODE,MISSING,add,2-neighbor-session,
neighbor_route_map_cmd,neighbor <A.B.C.D|X:X::X:X|WORD> route-map RMAP_NAME <in|out>,bgpd/bgp_vty.c,BGP_EVPN_NODE;BGP_FLOWSPECV4_NODE;BGP_FLOWSPECV6_NODE;BGP_IPV4L_NODE;BGP_IPV4M_NODE;BGP_IPV4U_NODE;BGP_IPV4_NODE;BGP_IPV6L_NODE;BGP_IPV6M_NODE;BGP_IPV6U_NODE;BGP_IPV6_NODE;BGP_LS_NODE;BGP_VPNV4_NODE;BGP_VPNV6_NODE,PARTIAL,fix,2-neighbor-session,
neighbor_route_map_hidden_cmd,neighbor <A.B.C.D|X:X::X:X|WORD> route-map RMAP_NAME <in|out>,bgpd/bgp_vty.c,BGP_NODE,PARTIAL,fix,2-neighbor-session,
neighbor_route_reflector_client_cmd,neighbor <A.B.C.D|X:X::X:X|WORD> route-reflector-client,bgpd/bgp_vty.c,BGP_EVPN_NODE;BGP_FLOWSPECV4_NODE;BGP_FLOWSPECV6_NODE;BGP_IPV4L_NODE;BGP_IPV4M_NODE;BGP_IPV4_NODE;BGP_IPV6L_NODE;BGP_IPV6M_NODE;BGP_IPV6_NODE;BGP_VPNV4_NODE;BGP_VPNV6_NODE,PARTIAL,fix,2-neighbor-session,
neighbor_route_reflector_client_hidden_cmd,neighbor <A.B.C.D|X:X::X:X|WORD> route-reflector-client,bgpd/bgp_vty.c,BGP_NODE,PARTIAL,fix,2-neighbor-session,
neighbor_route_server_client_cmd,neighbor <A.B.C.D|X:X::X:X|WORD> route-server-client,bgpd/bgp_vty.c,BGP_EVPN_NODE;BGP_FLOWSPECV4_NODE;BGP_FLOWSPECV6_NODE;BGP_IPV4L_NODE;BGP_IPV4M_NODE;BGP_IPV4_NODE;BGP_IPV6L_NODE;BGP_IPV6M_NODE;BGP_IPV6_NODE;BGP_VPNV4_NODE;BGP_VPNV6_NODE,PARTIAL,fix,2-neighbor-session,
neighbor_route_server_client_hidden_cmd,neighbor <A.B.C.D|X:X::X:X|WORD> route-server-client,bgpd/bgp_vty.c,BGP_NODE,PARTIAL,fix,2-neighbor-session,
neighbor_rpki_strict_cmd,[no$no] neighbor <A.B.C.D|X:X::X:X|WORD>$neighbor rpki strict,bgpd/bgp_vty.c,BGP_NODE,PARTIAL,fix,7-bmp-rpki,
neighbor_send_community_cmd,neighbor <A.B.C.D|X:X::X:X|WORD> send-community,bgpd/bgp_vty.c,BGP_IPV4L_NODE;BGP_IPV4M_NODE;BGP_IPV4_NODE;BGP_IPV6L_NODE;BGP_IPV6M_NODE;BGP_IPV6_NODE;BGP_VPNV4_NODE;BGP_VPNV6_NODE,PARTIAL,fix,2-neighbor-session,
neighbor_send_community_hidden_cmd,neighbor <A.B.C.D|X:X::X:X|WORD> send-community,bgpd/bgp_vty.c,BGP_NODE,PARTIAL,fix,2-neighbor-session,
neighbor_send_community_type_cmd,neighbor <A.B.C.D|X:X::X:X|WORD> send-community <both|all|extended|standard|large>,bgpd/bgp_vty.c,BGP_IPV4L_NODE;BGP_IPV4M_NODE;BGP_IPV4_NODE;BGP_IPV6L_NODE;BGP_IPV6M_NODE;BGP_IPV6_NODE;BGP_VPNV4_NODE;BGP_VPNV6_NODE,PARTIAL,fix,2-neighbor-session,
neighbor_send_community_type_hidden_cmd,neighbor <A.B.C.D|X:X::X:X|WORD> send-community <both|all|extended|standard|large>,bgpd/bgp_vty.c,BGP_NODE,PARTIAL,fix,2-neighbor-session,
neighbor_set_peer_group_cmd,neighbor <A.B.C.D|X:X::X:X|WORD> peer-group PGNAME,bgpd/bgp_vty.c,BGP_NODE,PARTIAL,fix,8-filter-rmap,
neighbor_set_peer_group_hidden_cmd,neighbor <A.B.C.D|X:X::X:X|WORD> peer-group PGNAME,bgpd/bgp_vty.c,BGP_FLOWSPECV4_NODE;BGP_FLOWSPECV6_NODE;BGP_IPV4M_NODE;BGP_IPV4_NODE;BGP_IPV6L_NODE;BGP_IPV6M_NODE;BGP_IPV6_NODE;BGP_VPNV4_NODE;BGP_VPNV6_NODE,PARTIAL,fix,8-filter-rmap,
neighbor_shutdown_cmd,neighbor <A.B.C.D|X:X::X:X|WORD> shutdown,bgpd/bgp_vty.c,BGP_NODE,PARTIAL,fix,2-neighbor-session,
neighbor_shutdown_msg_cmd,neighbor <A.B.C.D|X:X::X:X|WORD> shutdown message MSG...,bgpd/bgp_vty.c,BGP_NODE,PARTIAL,fix,2-neighbor-session,
neighbor_shutdown_rtt_cmd,neighbor <A.B.C.D|X:X::X:X|WORD> shutdown rtt (1-65535) [count (1-255)],bgpd/bgp_vty.c,BGP_NODE,PARTIAL,fix,2-neighbor-session,
neighbor_soft_reconfiguration_cmd,neighbor <A.B.C.D|X:X::X:X|WORD> soft-reconfiguration inbound,bgpd/bgp_vty.c,BGP_EVPN_NODE;BGP_FLOWSPECV4_NODE;BGP_FLOWSPECV6_NODE;BGP_IPV4L_NODE;BGP_IPV4M_NODE;BGP_IPV4_NODE;BGP_IPV6L_NODE;BGP_IPV6M_NODE;BGP_IPV6_NODE;BGP_VPNV4_NODE;BGP_VPNV6_NODE,PARTIAL,fix,2-neighbor-session,
neighbor_soft_reconfiguration_hidden_cmd,neighbor <A.B.C.D|X:X::X:X|WORD> soft-reconfiguration inbound,bgpd/bgp_vty.c,BGP_NODE,PARTIAL,fix,2-neighbor-session,
neighbor_solo_cmd,neighbor <A.B.C.D|X:X::X:X|WORD> solo,bgpd/bgp_vty.c,BGP_NODE,MISSING,add,2-neighbor-session,
neighbor_soo_cmd,neighbor <A.B.C.D|X:X::X:X|WORD>$neighbor soo ASN:NN_OR_IP-ADDRESS:NN$soo,bgpd/bgp_vty.c,BGP_EVPN_NODE;BGP_IPV4L_NODE;BGP_IPV4M_NODE;BGP_IPV4_NODE;BGP_IPV6L_NODE;BGP_IPV6M_NODE;BGP_IPV6_NODE;BGP_VPNV4_NODE;BGP_VPNV6_NODE,MISSING,add,2-neighbor-session,
neighbor_strict_capability_cmd,neighbor <A.B.C.D|X:X::X:X|WORD> strict-capability-match,bgpd/bgp_vty.c,BGP_NODE,MISSING,add,2-neighbor-session,
neighbor_tcp_mss_cmd,neighbor <A.B.C.D|X:X::X:X|WORD> tcp-mss (1-65535),bgpd/bgp_vty.c,BGP_NODE,MISSING,add,2-neighbor-session,
neighbor_timers_cmd,neighbor <A.B.C.D|X:X::X:X|WORD> timers (0-65535) (0-65535),bgpd/bgp_vty.c,BGP_NODE,PARTIAL,fix,2-neighbor-session,
neighbor_timers_connect_cmd,neighbor <A.B.C.D|X:X::X:X|WORD> timers connect (1-65535),bgpd/bgp_vty.c,BGP_NODE,PARTIAL,fix,2-neighbor-session,
neighbor_timers_delayopen_cmd,neighbor <A.B.C.D|X:X::X:X|WORD>$neighbor timers delayopen (1-240)$interval,bgpd/bgp_vty.c,BGP_NODE,PARTIAL,fix,2-neighbor-session,
neighbor_ttl_security_cmd,neighbor <A.B.C.D|X:X::X:X|WORD> ttl-security hops (1-254),bgpd/bgp_vty.c,BGP_NODE,PARTIAL,fix,2-neighbor-session,
neighbor_unsuppress_map_cmd,neighbor <A.B.C.D|X:X::X:X|WORD> unsuppress-map WORD,bgpd/bgp_vty.c,BGP_IPV4L_NODE;BGP_IPV4M_NODE;BGP_IPV4_NODE;BGP_IPV6L_NODE;BGP_IPV6M_NODE;BGP_IPV6_NODE;BGP_VPNV4_NODE;BGP_VPNV6_NODE,MISSING,add,2-neighbor-session,
neighbor_unsuppress_map_hidden_cmd,neighbor <A.B.C.D|X:X::X:X|WORD> unsuppress-map WORD,bgpd/bgp_vty.c,BGP_NODE,MISSING,add,2-neighbor-session,
neighbor_upa_cmd,[no$no] neighbor <A.B.C.D|X:X::X:X|WORD>$neighbor upa,bgpd/bgp_vty.c,BGP_IPV4L_NODE;BGP_IPV4M_NODE;BGP_IPV4_NODE;BGP_IPV6L_NODE;BGP_IPV6M_NODE;BGP_IPV6_NODE,MISSING,add,6-srv6-ls-upa-fs,
neighbor_upa_hidden_cmd,[no$no] neighbor <A.B.C.D|X:X::X:X|WORD>$neighbor upa,bgpd/bgp_vty.c,BGP_NODE,MISSING,add,6-srv6-ls-upa-fs,
neighbor_update_source_cmd,neighbor <A.B.C.D|X:X::X:X|WORD> update-source <A.B.C.D|X:X::X:X|WORD>,bgpd/bgp_vty.c,BGP_NODE,PARTIAL,fix,2-neighbor-session,
neighbor_weight_cmd,neighbor <A.B.C.D|X:X::X:X|WORD> weight (0-65535),bgpd/bgp_vty.c,BGP_IPV4L_NODE;BGP_IPV4M_NODE;BGP_IPV4_NODE;BGP_IPV6L_NODE;BGP_IPV6M_NODE;BGP_IPV6_NODE;BGP_VPNV4_NODE;BGP_VPNV6_NODE,PARTIAL,fix,2-neighbor-session,
neighbor_weight_hidden_cmd,neighbor <A.B.C.D|X:X::X:X|WORD> weight (0-65535),bgpd/bgp_vty.c,BGP_NODE,PARTIAL,fix,2-neighbor-session,
no_bgp_advertisement_delay_cmd,no advertisement-delay [(1-3600)],bgpd/bgp_vty.c,BGP_NODE,MISSING,add,1-globals,
no_bgp_always_compare_med_cmd,no bgp always-compare-med,bgpd/bgp_vty.c,BGP_NODE,PARTIAL,fix,1-globals,
no_bgp_as_path_all_cmd,no bgp as-path access-list AS_PATH_FILTER_NAME,bgpd/bgp_filter.c,CONFIG_NODE,MISSING,add,8-filter-rmap,
no_bgp_as_path_cmd,no bgp as-path access-list AS_PATH_FILTER_NAME [seq (0-4294967295)] <deny|permit> LINE...,bgpd/bgp_filter.c,CONFIG_NODE,MISSING,add,8-filter-rmap,
no_bgp_bestpath_aspath_confed_cmd,no bgp bestpath as-path confed,bgpd/bgp_vty.c,BGP_NODE,PARTIAL,fix,1-globals,
no_bgp_bestpath_aspath_ignore_cmd,no bgp bestpath as-path ignore,bgpd/bgp_vty.c,BGP_NODE,PARTIAL,fix,1-globals,
no_bgp_bestpath_aspath_multipath_relax_cmd,no bgp bestpath as-path multipath-relax [<as-set|no-as-set>],bgpd/bgp_vty.c,BGP_NODE,PARTIAL,fix,1-globals,
no_bgp_bestpath_bw_cmd,no bgp bestpath bandwidth [<ignore|skip-missing|default-weight-for-missing>$bw_cfg],bgpd/bgp_vty.c,BGP_NODE,PARTIAL,fix,1-globals,
no_bgp_bestpath_compare_router_id_cmd,no bgp bestpath compare-routerid,bgpd/bgp_vty.c,BGP_NODE,PARTIAL,fix,1-globals,
no_bgp_bestpath_med_cmd,no bgp bestpath med <confed [missing-as-worst]|missing-as-worst [confed]>,bgpd/bgp_vty.c,BGP_NODE,PARTIAL,fix,1-globals,
no_bgp_bestpath_peer_type_multipath_relax_cmd,no bgp bestpath peer-type multipath-relax,bgpd/bgp_vty.c,BGP_NODE,PARTIAL,fix,1-globals,
no_bgp_client_to_client_reflection_cmd,no bgp client-to-client reflection,bgpd/bgp_vty.c,BGP_NODE,PARTIAL,fix,1-globals,
no_bgp_cluster_id_cmd,no bgp cluster-id [<A.B.C.D|(1-4294967295)>],bgpd/bgp_vty.c,BGP_NODE,PARTIAL,fix,1-globals,
no_bgp_coalesce_time_cmd,no coalesce-time (0-4294967295),bgpd/bgp_vty.c,BGP_NODE,PARTIAL,fix,1-globals,
no_bgp_community_list_expanded_all_cmd,no bgp community-list <(100-500)|expanded COMMUNITY_LIST_NAME> [seq (0-4294967295)] <deny|permit> AA:NN...,bgpd/bgp_vty.c,CONFIG_NODE,MISSING,add,8-filter-rmap,
no_bgp_community_list_expanded_all_list_cmd,no bgp community-list <(100-500)|expanded COMMUNITY_LIST_NAME>,bgpd/bgp_vty.c,CONFIG_NODE,MISSING,add,8-filter-rmap,
no_bgp_community_list_standard_all_cmd,no bgp community-list <(1-99)|standard COMMUNITY_LIST_NAME> [seq (0-4294967295)] <deny|permit> AA:NN...,bgpd/bgp_vty.c,CONFIG_NODE,MISSING,add,8-filter-rmap,
no_bgp_community_list_standard_all_list_cmd,no bgp community-list <(1-99)|standard COMMUNITY_LIST_NAME>,bgpd/bgp_vty.c,CONFIG_NODE,MISSING,add,8-filter-rmap,
no_bgp_confederation_identifier_cmd,no bgp confederation identifier [ASNUM],bgpd/bgp_vty.c,BGP_NODE,PARTIAL,fix,1-globals,
no_bgp_confederation_peers_cmd,no bgp confederation peers ASNUM...,bgpd/bgp_vty.c,BGP_NODE,PARTIAL,fix,1-globals,
no_bgp_default_local_preference_cmd,no bgp default local-preference [(0-4294967295)],bgpd/bgp_vty.c,BGP_NODE,PARTIAL,fix,1-globals,
no_bgp_default_show_hostname_cmd,no bgp default show-hostname,bgpd/bgp_vty.c,BGP_NODE,MISSING,add,1-globals,
no_bgp_default_show_nexthop_hostname_cmd,no bgp default show-nexthop-hostname,bgpd/bgp_vty.c,BGP_NODE,MISSING,add,1-globals,
no_bgp_default_subgroup_pkt_queue_max_cmd,no bgp default subgroup-pkt-queue-max [(20-100)],bgpd/bgp_vty.c,BGP_NODE,MISSING,add,1-globals,
no_bgp_deterministic_med_cmd,no bgp deterministic-med,bgpd/bgp_vty.c,BGP_NODE,PARTIAL,fix,1-globals,
no_bgp_disable_connected_route_check_cmd,no bgp disable-ebgp-connected-route-check,bgpd/bgp_vty.c,BGP_NODE,MISSING,add,1-globals,
no_bgp_distance_cmd,no distance bgp [(1-255) (1-255) (1-255)],bgpd/bgp_route.c,BGP_IPV4M_NODE;BGP_IPV4_NODE;BGP_IPV6M_NODE;BGP_IPV6_NODE;BGP_NODE,PARTIAL,fix,4-network-vpn,
no_bgp_distance_source_access_list_cmd,no distance (1-255) A.B.C.D/M WORD,bgpd/bgp_route.c,BGP_IPV4M_NODE;BGP_IPV4_NODE;BGP_NODE,PARTIAL,fix,4-network-vpn,
no_bgp_distance_source_cmd,no distance (1-255) A.B.C.D/M,bgpd/bgp_route.c,BGP_IPV4M_NODE;BGP_IPV4_NODE;BGP_NODE,PARTIAL,fix,4-network-vpn,
no_bgp_ebgp_requires_policy_cmd,no bgp ebgp-requires-policy,bgpd/bgp_vty.c,BGP_NODE,PARTIAL,fix,5-evpn,
no_bgp_evpn_advertise_all_vni_cmd,no advertise-all-vni,bgpd/bgp_evpn_vty.c,BGP_EVPN_NODE,MISSING,add,5-evpn,
no_bgp_evpn_advertise_autort_rfc8365_cmd,no autort rfc8365-compatible,bgpd/bgp_evpn_vty.c,BGP_EVPN_NODE,MISSING,add,5-evpn,
no_bgp_evpn_advertise_default_gw_cmd,no advertise-default-gw,bgpd/bgp_evpn_vty.c,BGP_EVPN_NODE,MISSING,add,5-evpn,
no_bgp_evpn_advertise_default_gw_vni_cmd,no advertise-default-gw,bgpd/bgp_evpn_vty.c,BGP_EVPN_VNI_NODE,MISSING,add,5-evpn,
no_bgp_evpn_advertise_type5_cmd,no advertise,bgpd/bgp_evpn_vty.c,BGP_EVPN_NODE,MISSING,add,5-evpn,
no_bgp_evpn_advertise_vni_subnet_cmd,no advertise-subnet,bgpd/bgp_evpn_vty.c,BGP_EVPN_VNI_NODE,MISSING,add,5-evpn,
no_bgp_evpn_default_originate_cmd,no default-originate <ipv4 | ipv6>,bgpd/bgp_evpn_vty.c,BGP_EVPN_NODE,MISSING,add,5-evpn,
no_bgp_evpn_ead_es_rt_cmd,no ead-es-route-target export RT,bgpd/bgp_evpn_vty.c,BGP_EVPN_NODE,MISSING,add,5-evpn,
no_bgp_evpn_vni_cmd,"CMD_VNI_RANGE,        NO_STR",bgpd/bgp_evpn_vty.c,BGP_EVPN_NODE,MISSING,add,5-evpn,
no_bgp_evpn_vni_rd_cmd,no rd ASN:NN_OR_IP-ADDRESS:NN,bgpd/bgp_evpn_vty.c,BGP_EVPN_VNI_NODE,MISSING,add,5-evpn,
no_bgp_evpn_vni_rd_without_val_cmd,This command is only supported under EVPN VRF\n,bgpd/bgp_evpn_vty.c,BGP_EVPN_VNI_NODE,MISSING,add,5-evpn,
no_bgp_evpn_vni_rt_cmd,no route-target <both|import|export> RT,bgpd/bgp_evpn_vty.c,BGP_EVPN_VNI_NODE,MISSING,add,5-evpn,
no_bgp_evpn_vni_rt_without_val_cmd,no route-target <import|export>,bgpd/bgp_evpn_vty.c,BGP_EVPN_VNI_NODE,MISSING,add,5-evpn,
no_bgp_evpn_vrf_rd_cmd,no rd ASN:NN_OR_IP-ADDRESS:NN,bgpd/bgp_evpn_vty.c,BGP_EVPN_NODE,MISSING,add,5-evpn,
no_bgp_evpn_vrf_rd_without_val_cmd,%% RD is not configured for this VRF\n,bgpd/bgp_evpn_vty.c,BGP_NODE,MISSING,add,5-evpn,
no_bgp_evpn_vrf_rt_auto_cmd,no route-target <both|import|export>$type auto,bgpd/bgp_evpn_vty.c,BGP_EVPN_NODE,MISSING,add,5-evpn,
no_bgp_evpn_vrf_rt_cmd,no route-target <both|import|export> RTLIST...,bgpd/bgp_evpn_vty.c,BGP_EVPN_NODE,MISSING,add,5-evpn,
no_bgp_extcommunity_list_expanded_all_cmd,no bgp extcommunity-list <(100-500)|expanded EXTCOMMUNITY_LIST_NAME> [seq (0-4294967295)] <deny|permit> LINE...,bgpd/bgp_vty.c,CONFIG_NODE,MISSING,add,8-filter-rmap,
no_bgp_extcommunity_list_expanded_all_list_cmd,no bgp extcommunity-list <(100-500)|expanded EXTCOMMUNITY_LIST_NAME>,bgpd/bgp_vty.c,CONFIG_NODE,MISSING,add,8-filter-rmap,
no_bgp_extcommunity_list_standard_all_cmd,no bgp extcommunity-list <(1-99)|standard EXTCOMMUNITY_LIST_NAME> [seq (0-4294967295)] <deny|permit> AA:NN...,bgpd/bgp_vty.c,CONFIG_NODE,MISSING,add,8-filter-rmap,
no_bgp_extcommunity_list_standard_all_list_cmd,no bgp extcommunity-list <(1-99)|standard EXTCOMMUNITY_LIST_NAME>,bgpd/bgp_vty.c,CONFIG_NODE,MISSING,add,8-filter-rmap,
no_bgp_fast_convergence_cmd,no bgp fast-convergence,bgpd/bgp_vty.c,BGP_NODE,MISSING,add,1-globals,
no_bgp_fast_external_failover_cmd,no bgp fast-external-failover,bgpd/bgp_vty.c,BGP_NODE,PARTIAL,fix,1-globals,
no_bgp_global_advertisement_delay_cmd,no bgp advertisement-delay [(1-3600)],bgpd/bgp_vty.c,CONFIG_NODE,MISSING,add,1-globals,
no_bgp_global_update_delay_cmd,no bgp update-delay [(0-3600) [(1-3600)]],bgpd/bgp_vty.c,CONFIG_NODE,MISSING,add,1-globals,
no_bgp_graceful_restart_cmd,no bgp graceful-restart,bgpd/bgp_vty.c,BGP_NODE;CONFIG_NODE,PARTIAL,fix,1-globals,
no_bgp_graceful_restart_disable_cmd,no bgp graceful-restart-disable,bgpd/bgp_vty.c,BGP_NODE;CONFIG_NODE,PARTIAL,fix,1-globals,
no_bgp_graceful_restart_disable_eor_cmd,no bgp graceful-restart disable-eor,bgpd/bgp_vty.c,BGP_NODE,PARTIAL,fix,1-globals,
no_bgp_graceful_restart_preserve_fw_cmd,no bgp graceful-restart preserve-fw-state,bgpd/bgp_vty.c,BGP_NODE;CONFIG_NODE,PARTIAL,fix,1-globals,
no_bgp_graceful_restart_restart_time_cmd,no bgp graceful-restart restart-time [(0-4095)],bgpd/bgp_vty.c,BGP_NODE;CONFIG_NODE,PARTIAL,fix,1-globals,
no_bgp_graceful_restart_rib_stale_time_cmd,no bgp graceful-restart rib-stale-time [(1-3600)],bgpd/bgp_vty.c,BGP_NODE;CONFIG_NODE,PARTIAL,fix,1-globals,
no_bgp_graceful_restart_select_defer_time_cmd,no bgp graceful-restart select-defer-time [(0-3600)],bgpd/bgp_vty.c,BGP_NODE;CONFIG_NODE,PARTIAL,fix,1-globals,
no_bgp_graceful_restart_stalepath_time_cmd,no bgp graceful-restart stalepath-time [(1-4095)],bgpd/bgp_vty.c,BGP_NODE;CONFIG_NODE,PARTIAL,fix,1-globals,
no_bgp_graceful_shutdown_cmd,no bgp graceful-shutdown,bgpd/bgp_vty.c,BGP_NODE;CONFIG_NODE,PARTIAL,fix,1-globals,
no_bgp_inq_limit_cmd,no bgp input-queue-limit [(1-4294967295)$limit],bgpd/bgp_vty.c,CONFIG_NODE,MISSING,add,1-globals,
no_bgp_lcommunity_list_all_cmd,no bgp large-community-list <(1-99)|(100-500)|LCOMMUNITY_LIST_NAME>,bgpd/bgp_vty.c,CONFIG_NODE,MISSING,add,8-filter-rmap,
no_bgp_lcommunity_list_expanded_cmd,no bgp large-community-list (100-500) [seq (0-4294967295)] <deny|permit> LINE...,bgpd/bgp_vty.c,CONFIG_NODE,MISSING,add,8-filter-rmap,
no_bgp_lcommunity_list_name_expanded_all_cmd,no bgp large-community-list expanded LCOMMUNITY_LIST_NAME,bgpd/bgp_vty.c,CONFIG_NODE,MISSING,add,8-filter-rmap,
no_bgp_lcommunity_list_name_expanded_cmd,no bgp large-community-list expanded LCOMMUNITY_LIST_NAME [seq (0-4294967295)] <deny|permit> LINE...,bgpd/bgp_vty.c,CONFIG_NODE,MISSING,add,8-filter-rmap,
no_bgp_lcommunity_list_name_standard_all_cmd,no bgp large-community-list standard LCOMMUNITY_LIST_NAME,bgpd/bgp_vty.c,CONFIG_NODE,MISSING,add,8-filter-rmap,
no_bgp_lcommunity_list_name_standard_cmd,no bgp large-community-list standard LCOMMUNITY_LIST_NAME [seq (0-4294967295)] <deny|permit> AA:AA:NN...,bgpd/bgp_vty.c,CONFIG_NODE,MISSING,add,8-filter-rmap,
no_bgp_lcommunity_list_standard_cmd,no bgp large-community-list (1-99) [seq (0-4294967295)] <deny|permit> AA:AA:NN...,bgpd/bgp_vty.c,CONFIG_NODE,MISSING,add,8-filter-rmap,
no_bgp_listen_limit_cmd,no bgp listen limit [(1-65535)],bgpd/bgp_vty.c,BGP_NODE,MISSING,add,2-neighbor-session,
no_bgp_listen_range_cmd,no bgp listen range <A.B.C.D/M|X:X::X:X/M> peer-group PGNAME,bgpd/bgp_vty.c,BGP_NODE,MISSING,add,2-neighbor-session,
no_bgp_llgr_stalepath_time_cmd,no bgp long-lived-graceful-restart stale-time [(1-16777215)],bgpd/bgp_vty.c,BGP_NODE,MISSING,add,1-globals,
no_bgp_local_mac_cmd,no bgp local-mac vni,bgpd/bgp_vty.c,CONFIG_NODE,MISSING,add,1-globals,
no_bgp_log_neighbor_changes_cmd,no bgp log-neighbor-changes,bgpd/bgp_vty.c,BGP_NODE,PARTIAL,fix,5-evpn,
no_bgp_ls_distribute_bgp_fabric_cmd,no distribute bgp-fabric-link-state [instance-id WORD$instance_id_str],bgpd/bgp_vty.c,BGP_LS_NODE,MISSING,add,1-globals,
no_bgp_maxmed_admin_cmd,no bgp max-med administrative [(0-4294967295)],bgpd/bgp_vty.c,BGP_NODE,PARTIAL,fix,1-globals,
no_bgp_maxmed_onstartup_cmd,no bgp max-med on-startup [(5-86400) [(0-4294967295)]],bgpd/bgp_vty.c,BGP_NODE,PARTIAL,fix,1-globals,
no_bgp_maxpaths_cmd,no maximum-paths [,bgpd/bgp_vty.c,BGP_IPV4L_NODE;BGP_IPV4_NODE;BGP_IPV6L_NODE;BGP_IPV6_NODE,MISSING,add,1-globals,
no_bgp_maxpaths_hidden_cmd,no maximum-paths [,bgpd/bgp_vty.c,BGP_NODE,MISSING,add,1-globals,
no_bgp_maxpaths_ibgp_cmd,no maximum-paths ibgp [,bgpd/bgp_vty.c,BGP_IPV4L_NODE;BGP_IPV4_NODE;BGP_IPV6L_NODE;BGP_IPV6_NODE,MISSING,add,1-globals,
no_bgp_maxpaths_ibgp_hidden_cmd,no maximum-paths ibgp [,bgpd/bgp_vty.c,BGP_NODE,MISSING,add,1-globals,
no_bgp_minimum_holdtime_cmd,no bgp minimum-holdtime [(1-65535)],bgpd/bgp_vty.c,BGP_NODE,PARTIAL,fix,1-globals,
no_bgp_neighbor_graceful_restart_disable_set_cmd,no neighbor <A.B.C.D|X:X::X:X|WORD> graceful-restart-disable,bgpd/bgp_vty.c,BGP_NODE,PARTIAL,fix,8-filter-rmap,
no_bgp_neighbor_graceful_restart_helper_set_cmd,no neighbor <A.B.C.D|X:X::X:X|WORD> graceful-restart-helper,bgpd/bgp_vty.c,BGP_NODE,PARTIAL,fix,8-filter-rmap,
no_bgp_neighbor_graceful_restart_set_cmd,no neighbor <A.B.C.D|X:X::X:X|WORD> graceful-restart,bgpd/bgp_vty.c,BGP_NODE,PARTIAL,fix,8-filter-rmap,
no_bgp_network_import_check_cmd,no bgp network import-check,bgpd/bgp_vty.c,BGP_NODE,PARTIAL,fix,4-network-vpn,
no_bgp_norib_cmd,no bgp no-rib,bgpd/bgp_vty.c,CONFIG_NODE,MISSING,add,1-globals,
no_bgp_outq_limit_cmd,no bgp output-queue-limit [(1-4294967295)$limit],bgpd/bgp_vty.c,CONFIG_NODE,MISSING,add,1-globals,
no_bgp_redistribute_ipv4_cmd,no redistribute,bgpd/bgp_vty.c,BGP_IPV4_NODE,PARTIAL,fix,4-network-vpn,
no_bgp_redistribute_ipv4_hidden_cmd,no redistribute,bgpd/bgp_vty.c,BGP_NODE,PARTIAL,fix,4-network-vpn,
no_bgp_redistribute_ipv4_ospf_cmd,no redistribute <ospf|table|table-direct> (1-65535) [{metric (0-4294967295)|route-map RMAP_NAME}],bgpd/bgp_vty.c,BGP_IPV4_NODE,PARTIAL,fix,4-network-vpn,
no_bgp_redistribute_ipv4_ospf_hidden_cmd,no redistribute <ospf|table|table-direct> (1-65535) [{metric (0-4294967295)|route-map RMAP_NAME}],bgpd/bgp_vty.c,BGP_NODE,PARTIAL,fix,4-network-vpn,
no_bgp_redistribute_ipv6_cmd,no redistribute,bgpd/bgp_vty.c,BGP_IPV6_NODE,PARTIAL,fix,4-network-vpn,
no_bgp_redistribute_ipv6_table_cmd,no redistribute table-direct (1-65535)$table_id [{metric (0-4294967295)|route-map WORD}],bgpd/bgp_vty.c,BGP_IPV6_NODE,PARTIAL,fix,4-network-vpn,
no_bgp_reject_as_sets_cmd,no bgp reject-as-sets,bgpd/bgp_vty.c,BGP_NODE,MISSING,add,1-globals,
no_bgp_router_id_cmd,no bgp router-id [A.B.C.D],bgpd/bgp_vty.c,BGP_NODE,PARTIAL,fix,1-globals,
no_bgp_rr_allow_outbound_policy_cmd,no bgp route-reflector allow-outbound-policy,bgpd/bgp_vty.c,BGP_NODE,MISSING,add,1-globals,
no_bgp_segment_routing_srv6_cmd,no segment-routing srv6,bgpd/bgp_vty.c,BGP_NODE,MISSING,add,6-srv6-ls-upa-fs,
no_bgp_send_extra_data_cmd,[no] bgp send-extra-data zebra,bgpd/bgp_vty.c,CONFIG_NODE,MISSING,add,1-globals,
no_bgp_session_dscp_cmd,no bgp session-dscp [(0-63)],bgpd/bgp_vty.c,CONFIG_NODE,MISSING,add,1-globals,
no_bgp_set_route_map_delay_timer_cmd,no bgp route-map delay-timer [(0-600)],bgpd/bgp_vty.c,BGP_NODE;CONFIG_NODE,PARTIAL,fix,8-filter-rmap,
no_bgp_shutdown_cmd,no bgp shutdown,bgpd/bgp_vty.c,BGP_NODE,PARTIAL,fix,1-globals,
no_bgp_shutdown_msg_cmd,no bgp shutdown message MSG...,bgpd/bgp_vty.c,BGP_NODE,PARTIAL,fix,1-globals,
no_bgp_sid_vpn_export_cmd,no$no sid vpn per-vrf export,bgpd/bgp_vty.c,BGP_NODE,MISSING,add,1-globals,
no_bgp_srv6_locator_cmd,no locator NAME$name,bgpd/bgp_vty.c,BGP_SRV6_NODE,MISSING,add,6-srv6-ls-upa-fs,
no_bgp_suppress_duplicates_cmd,no bgp suppress-duplicates,bgpd/bgp_vty.c,BGP_NODE,PARTIAL,fix,5-evpn,
no_bgp_table_map_cmd,no table-map WORD,bgpd/bgp_route.c,BGP_IPV4M_NODE;BGP_IPV4_NODE;BGP_IPV6_NODE;BGP_NODE,MISSING,add,4-network-vpn,
no_bgp_tcp_keepalive_cmd,no bgp tcp-keepalive [(1-65535) (1-65535) (1-30)],bgpd/bgp_vty.c,BGP_NODE,PARTIAL,fix,1-globals,
no_bgp_timers_cmd,no timers bgp [(0-65535) (0-65535)],bgpd/bgp_vty.c,BGP_NODE,PARTIAL,fix,1-globals,
no_bgp_update_delay_cmd,no update-delay [(0-3600) [(1-3600)]],bgpd/bgp_vty.c,BGP_NODE,MISSING,add,1-globals,
no_bmp_listener_cmd,no bmp listener <X:X::X:X|A.B.C.D> port (1-65535),bgpd/bgp_bmp.c,BMP_NODE,PARTIAL,fix,7-bmp-rpki,
no_bmp_mirror_limit_cmd,no bmp mirror buffer-limit [(0-4294967294)],bgpd/bgp_bmp.c,BGP_NODE,PARTIAL,fix,7-bmp-rpki,
no_bmp_targets_cmd,no bmp targets BMPTARGETS,bgpd/bgp_bmp.c,BGP_NODE,PARTIAL,fix,7-bmp-rpki,
no_dump_bgp_all_cmd,no dump bgp <all|all-et|updates|updates-et|routes-mrt> [PATH [INTERVAL]],bgpd/bgp_dump.c,CONFIG_NODE,MISSING,add,1-globals,
no_dup_addr_detection_cmd,no dup-addr-detection [max-moves (2-1000)$max_moves_val time (2-1800)$time_val | freeze <permanent$permanent_val | (30-3,bgpd/bgp_evpn_vty.c,BGP_EVPN_NODE,MISSING,add,5-evpn,
no_evpnrt5_network_cmd,no network <A.B.C.D/M|X:X::X:X/M> rd ASN:NN_OR_IP-ADDRESS:NN ethtag WORD label WORD esi WORD gwip <A.B.C.D|X:X::X:X>,bgpd/bgp_evpn_vty.c,BGP_EVPN_NODE,PARTIAL,fix,5-evpn,
no_ipv6_bgp_distance_source_access_list_cmd,no distance (1-255) X:X::X:X/M WORD,bgpd/bgp_route.c,BGP_IPV6M_NODE;BGP_IPV6_NODE,PARTIAL,fix,4-network-vpn,
no_ipv6_bgp_distance_source_cmd,no distance (1-255) X:X::X:X/M,bgpd/bgp_route.c,BGP_IPV6M_NODE;BGP_IPV6_NODE,PARTIAL,fix,4-network-vpn,
no_macvrf_soo_global_cmd,no mac-vrf soo [ASN:NN_OR_IP-ADDRESS:NN$soo],bgpd/bgp_evpn_vty.c,BGP_EVPN_NODE,MISSING,add,5-evpn,
no_match_alias_cmd,no match alias [ALIAS_NAME],bgpd/bgp_routemap.c,RMAP_NODE,MISSING,add,8-filter-rmap,
no_match_aspath_cmd,no match as-path [AS_PATH_FILTER_NAME],bgpd/bgp_routemap.c,RMAP_NODE,MISSING,add,8-filter-rmap,
no_match_community_cmd,no match community [<(1-99)|(100-500)|COMMUNITY_LIST_NAME> [<exact-match$exact|any$any>]],bgpd/bgp_routemap.c,RMAP_NODE,MISSING,add,8-filter-rmap,
no_match_ecommunity_cmd,no match extcommunity [<(1-99)|(100-500)|EXTCOMMUNITY_LIST_NAME> [<exact-match$exact|any$any>]],bgpd/bgp_routemap.c,RMAP_NODE,MISSING,add,8-filter-rmap,
no_match_evpn_default_route_cmd,no match evpn default-route,bgpd/bgp_routemap.c,RMAP_NODE,MISSING,add,8-filter-rmap,
no_match_evpn_rd_cmd,no match evpn rd ASN:NN_OR_IP-ADDRESS:NN,bgpd/bgp_routemap.c,RMAP_NODE,MISSING,add,8-filter-rmap,
no_match_evpn_route_type_cmd,no match evpn route-type <ead|1|macip|2|multicast|3|es|4|prefix|5>,bgpd/bgp_routemap.c,RMAP_NODE,MISSING,add,8-filter-rmap,
no_match_evpn_vni_cmd,no match evpn vni,bgpd/bgp_routemap.c,RMAP_NODE,MISSING,add,8-filter-rmap,
no_match_ip_route_source_cmd,no match ip route-source [ACCESSLIST4_NAME],bgpd/bgp_routemap.c,RMAP_NODE,MISSING,add,8-filter-rmap,
no_match_ip_route_source_prefix_list_cmd,no match ip route-source prefix-list [PREFIXLIST_NAME],bgpd/bgp_routemap.c,RMAP_NODE,PARTIAL,fix,8-filter-rmap,
no_match_ipv4_next_hop_cmd,no match ip next-hop address [A.B.C.D],bgpd/bgp_routemap.c,RMAP_NODE,MISSING,add,8-filter-rmap,
no_match_ipv6_next_hop_address_cmd,no match ipv6 next-hop address X:X::X:X,bgpd/bgp_routemap.c,RMAP_NODE,MISSING,add,8-filter-rmap,
no_match_ipv6_next_hop_old_cmd,no match ipv6 next-hop X:X::X:X,bgpd/bgp_routemap.c,RMAP_NODE,MISSING,add,8-filter-rmap,
no_match_lcommunity_cmd,no match large-community [<(1-99)|(100-500)|LCOMMUNITY_LIST_NAME> [<exact-match|any>]],bgpd/bgp_routemap.c,RMAP_NODE,MISSING,add,8-filter-rmap,
no_match_local_pref_cmd,no match local-preference [(0-4294967295)],bgpd/bgp_routemap.c,RMAP_NODE,MISSING,add,8-filter-rmap,
no_match_mac_address_cmd,no match mac address ACCESSLIST_MAC_NAME,bgpd/bgp_routemap.c,RMAP_NODE,MISSING,add,8-filter-rmap,
no_match_origin_cmd,no match origin [<egp|igp|incomplete>],bgpd/bgp_routemap.c,RMAP_NODE,MISSING,add,8-filter-rmap,
no_match_peer_cmd,no match peer [<local|A.B.C.D|X:X::X:X|WORD>],bgpd/bgp_routemap.c,RMAP_NODE,MISSING,add,8-filter-rmap,
no_match_probability_cmd,no match probability [(0-100)],bgpd/bgp_routemap.c,RMAP_NODE,MISSING,add,8-filter-rmap,
no_match_rpki_cmd,no match rpki <valid|invalid|notfound>,bgpd/bgp_rpki.c,RMAP_NODE,PARTIAL,fix,7-bmp-rpki,
no_match_source_protocol_cmd,no match source-protocol [,bgpd/bgp_routemap.c,RMAP_NODE,MISSING,add,8-filter-rmap,
no_match_src_peer_cmd,no match src-peer [<A.B.C.D|X:X::X:X|WORD>],bgpd/bgp_routemap.c,RMAP_NODE,MISSING,add,8-filter-rmap,
no_match_vrl_source_vrf_cmd,no match source-vrf NAME$vrf_name,bgpd/bgp_routemap.c,RMAP_NODE,MISSING,add,8-filter-rmap,
no_neighbor_activate_cmd,no neighbor <A.B.C.D|X:X::X:X|WORD> activate,bgpd/bgp_vty.c,BGP_EVPN_NODE;BGP_FLOWSPECV4_NODE;BGP_FLOWSPECV6_NODE;BGP_IPV4L_NODE;BGP_IPV4M_NODE;BGP_IPV4U_NODE;BGP_IPV4_NODE;BGP_IPV6L_NODE;BGP_IPV6M_NODE;BGP_IPV6U_NODE;BGP_IPV6_NODE;BGP_LS_NODE;BGP_VPNV4_NODE;BGP_VPNV6_NODE,PARTIAL,fix,2-neighbor-session,
no_neighbor_activate_hidden_cmd,no neighbor <A.B.C.D|X:X::X:X|WORD> activate,bgpd/bgp_vty.c,BGP_NODE,PARTIAL,fix,2-neighbor-session,
no_neighbor_addpath_paths_limit_cmd,no neighbor <A.B.C.D|X:X::X:X|WORD>$neighbor addpath-rx-paths-limit [(1-65535)],bgpd/bgp_vty.c,BGP_EVPN_NODE;BGP_IPV4L_NODE;BGP_IPV4M_NODE;BGP_IPV4_NODE;BGP_IPV6L_NODE;BGP_IPV6M_NODE;BGP_IPV6_NODE;BGP_NODE;BGP_VPNV4_NODE;BGP_VPNV6_NODE,PARTIAL,fix,2-neighbor-session,
no_neighbor_addpath_tx_all_paths_cmd,no neighbor <A.B.C.D|X:X::X:X|WORD> addpath-tx-all-paths,bgpd/bgp_vty.c,BGP_EVPN_NODE;BGP_IPV4L_NODE;BGP_IPV4M_NODE;BGP_IPV4_NODE;BGP_IPV6L_NODE;BGP_IPV6M_NODE;BGP_IPV6_NODE;BGP_VPNV4_NODE;BGP_VPNV6_NODE,PARTIAL,fix,2-neighbor-session,
no_neighbor_addpath_tx_all_paths_hidden_cmd,no neighbor <A.B.C.D|X:X::X:X|WORD> addpath-tx-all-paths,bgpd/bgp_vty.c,BGP_NODE,PARTIAL,fix,2-neighbor-session,
no_neighbor_addpath_tx_best_selected_paths_cmd,no neighbor <A.B.C.D|X:X::X:X|WORD>$neighbor addpath-tx-best-selected [(1-6)],bgpd/bgp_vty.c,BGP_EVPN_NODE;BGP_IPV4L_NODE;BGP_IPV4M_NODE;BGP_IPV4_NODE;BGP_IPV6L_NODE;BGP_IPV6M_NODE;BGP_IPV6_NODE;BGP_VPNV4_NODE;BGP_VPNV6_NODE,PARTIAL,fix,2-neighbor-session,
no_neighbor_addpath_tx_bestpath_per_as_cmd,no neighbor <A.B.C.D|X:X::X:X|WORD> addpath-tx-bestpath-per-AS,bgpd/bgp_vty.c,BGP_EVPN_NODE;BGP_IPV4L_NODE;BGP_IPV4M_NODE;BGP_IPV4_NODE;BGP_IPV6L_NODE;BGP_IPV6M_NODE;BGP_IPV6_NODE;BGP_VPNV4_NODE;BGP_VPNV6_NODE,PARTIAL,fix,2-neighbor-session,
no_neighbor_addpath_tx_bestpath_per_as_hidden_cmd,no neighbor <A.B.C.D|X:X::X:X|WORD> addpath-tx-bestpath-per-AS,bgpd/bgp_vty.c,BGP_NODE,PARTIAL,fix,2-neighbor-session,
no_neighbor_advertise_interval_cmd,no neighbor <A.B.C.D|X:X::X:X|WORD> advertisement-interval [(0-600)],bgpd/bgp_vty.c,BGP_NODE,MISSING,add,2-neighbor-session,
no_neighbor_allowas_in_cmd,no neighbor <A.B.C.D|X:X::X:X|WORD>$neighbor allowas-in [route-map [RMAP_NAME]] [<(1-10)|origin>],bgpd/bgp_vty.c,BGP_EVPN_NODE;BGP_IPV4L_NODE;BGP_IPV4M_NODE;BGP_IPV4U_NODE;BGP_IPV4_NODE;BGP_IPV6L_NODE;BGP_IPV6M_NODE;BGP_IPV6U_NODE;BGP_IPV6_NODE;BGP_VPNV4_NODE;BGP_VPNV6_NODE,PARTIAL,fix,2-neighbor-session,
no_neighbor_allowas_in_hidden_cmd,no neighbor <A.B.C.D|X:X::X:X|WORD>$neighbor allowas-in [route-map [RMAP_NAME]] [<(1-10)|origin>],bgpd/bgp_vty.c,BGP_NODE,PARTIAL,fix,2-neighbor-session,
no_neighbor_as_override_cmd,no neighbor <A.B.C.D|X:X::X:X|WORD> as-override,bgpd/bgp_vty.c,BGP_IPV4L_NODE;BGP_IPV4M_NODE;BGP_IPV4_NODE;BGP_IPV6L_NODE;BGP_IPV6M_NODE;BGP_IPV6_NODE;BGP_VPNV4_NODE;BGP_VPNV6_NODE,MISSING,add,2-neighbor-session,
no_neighbor_as_override_hidden_cmd,no neighbor <A.B.C.D|X:X::X:X|WORD> as-override,bgpd/bgp_vty.c,BGP_NODE,MISSING,add,2-neighbor-session,
no_neighbor_aspath_loop_detection_cmd,no neighbor <A.B.C.D|X:X::X:X|WORD>$neighbor sender-as-path-loop-detection,bgpd/bgp_vty.c,BGP_NODE,MISSING,add,2-neighbor-session,
no_neighbor_attr_unchanged_cmd,no neighbor <A.B.C.D|X:X::X:X|WORD> attribute-unchanged [{as-path|next-hop|med}],bgpd/bgp_vty.c,BGP_EVPN_NODE;BGP_FLOWSPECV4_NODE;BGP_FLOWSPECV6_NODE;BGP_IPV4L_NODE;BGP_IPV4M_NODE;BGP_IPV4_NODE;BGP_IPV6L_NODE;BGP_IPV6M_NODE;BGP_IPV6_NODE;BGP_VPNV4_NODE;BGP_VPNV6_NODE,PARTIAL,fix,2-neighbor-session,
no_neighbor_attr_unchanged_hidden_cmd,no neighbor <A.B.C.D|X:X::X:X|WORD> attribute-unchanged [{as-path|next-hop|med}],bgpd/bgp_vty.c,BGP_NODE,PARTIAL,fix,2-neighbor-session,
no_neighbor_bfd_cmd,no neighbor <A.B.C.D|X:X::X:X|WORD> bfd [(2-255) (50-60000) (50-60000)],bgpd/bgp_bfd.c,BGP_NODE,PARTIAL,fix,2-neighbor-session,
no_neighbor_bfd_profile_cmd,no neighbor <A.B.C.D|X:X::X:X|WORD> bfd profile [BFDPROF],bgpd/bgp_bfd.c,BGP_NODE,PARTIAL,fix,2-neighbor-session,
no_neighbor_capability_dynamic_cmd,no neighbor <A.B.C.D|X:X::X:X|WORD> capability dynamic,bgpd/bgp_vty.c,BGP_NODE,MISSING,add,2-neighbor-session,
no_neighbor_capability_enhe_cmd,no neighbor <A.B.C.D|X:X::X:X|WORD> capability extended-nexthop,bgpd/bgp_vty.c,BGP_NODE,MISSING,add,2-neighbor-session,
no_neighbor_capability_orf_prefix_cmd,no neighbor <A.B.C.D|X:X::X:X|WORD> capability orf prefix-list <both|send|receive>,bgpd/bgp_vty.c,BGP_IPV4L_NODE;BGP_IPV4M_NODE;BGP_IPV4_NODE;BGP_IPV6L_NODE;BGP_IPV6M_NODE;BGP_IPV6_NODE,PARTIAL,fix,3-af-policy,
no_neighbor_capability_orf_prefix_hidden_cmd,no neighbor <A.B.C.D|X:X::X:X|WORD> capability orf prefix-list <both|send|receive>,bgpd/bgp_vty.c,BGP_NODE,PARTIAL,fix,3-af-policy,
no_neighbor_cmd,no neighbor <WORD|<A.B.C.D|X:X::X:X> [remote-as <ASNUM|internal|external|auto>]>,bgpd/bgp_vty.c,BGP_NODE,MISSING,add,2-neighbor-session,
no_neighbor_damp_cmd,no neighbor <A.B.C.D|X:X::X:X|WORD>$neighbor dampening [HALF [REUSE SUPPRESS MAX]],bgpd/bgp_vty.c,BGP_IPV4L_NODE;BGP_IPV4M_NODE;BGP_IPV4_NODE;BGP_IPV6L_NODE;BGP_IPV6M_NODE;BGP_IPV6_NODE;BGP_NODE,MISSING,add,2-neighbor-session,
no_neighbor_default_originate_cmd,no neighbor <A.B.C.D|X:X::X:X|WORD> default-originate [route-map RMAP_NAME],bgpd/bgp_vty.c,BGP_IPV4L_NODE;BGP_IPV4M_NODE;BGP_IPV4_NODE;BGP_IPV6L_NODE;BGP_IPV6M_NODE;BGP_IPV6_NODE,PARTIAL,fix,2-neighbor-session,
no_neighbor_default_originate_hidden_cmd,no neighbor <A.B.C.D|X:X::X:X|WORD> default-originate [route-map RMAP_NAME],bgpd/bgp_vty.c,BGP_NODE,PARTIAL,fix,2-neighbor-session,
no_neighbor_description_cmd,no neighbor <A.B.C.D|X:X::X:X|WORD> description,bgpd/bgp_vty.c,BGP_NODE,PARTIAL,fix,2-neighbor-session,
no_neighbor_description_comment_cmd,no neighbor <A.B.C.D|X:X::X:X|WORD> description LINE...,bgpd/bgp_vty.c,BGP_NODE,PARTIAL,fix,2-neighbor-session,
no_neighbor_disable_addpath_rx_cmd,no neighbor <A.B.C.D|X:X::X:X|WORD> disable-addpath-rx,bgpd/bgp_vty.c,BGP_EVPN_NODE;BGP_IPV4L_NODE;BGP_IPV4M_NODE;BGP_IPV4_NODE;BGP_IPV6L_NODE;BGP_IPV6M_NODE;BGP_IPV6_NODE;BGP_VPNV4_NODE;BGP_VPNV6_NODE,PARTIAL,fix,3-af-policy,
no_neighbor_disable_connected_check_cmd,no neighbor <A.B.C.D|X:X::X:X|WORD> <disable-connected-check|enforce-multihop>,bgpd/bgp_vty.c,BGP_NODE,MISSING,add,2-neighbor-session,
no_neighbor_disable_link_bw_encoding_ieee_cmd,no neighbor <A.B.C.D|X:X::X:X|WORD> disable-link-bw-encoding-ieee,bgpd/bgp_vty.c,BGP_NODE,MISSING,add,2-neighbor-session,
no_neighbor_distribute_list_cmd,no neighbor <A.B.C.D|X:X::X:X|WORD> distribute-list ACCESSLIST_NAME <in|out>,bgpd/bgp_vty.c,BGP_IPV4L_NODE;BGP_IPV4M_NODE;BGP_IPV4_NODE;BGP_IPV6L_NODE;BGP_IPV6M_NODE;BGP_IPV6_NODE;BGP_VPNV4_NODE;BGP_VPNV6_NODE,MISSING,add,2-neighbor-session,
no_neighbor_distribute_list_hidden_cmd,no neighbor <A.B.C.D|X:X::X:X|WORD> distribute-list ACCESSLIST_NAME <in|out>,bgpd/bgp_vty.c,BGP_NODE,MISSING,add,2-neighbor-session,
no_neighbor_dont_capability_negotiate_cmd,no neighbor <A.B.C.D|X:X::X:X|WORD> dont-capability-negotiate,bgpd/bgp_vty.c,BGP_NODE,MISSING,add,2-neighbor-session,
no_neighbor_ebgp_multihop_cmd,no neighbor <A.B.C.D|X:X::X:X|WORD> ebgp-multihop [(1-255)],bgpd/bgp_vty.c,BGP_NODE,PARTIAL,fix,2-neighbor-session,
no_neighbor_enforce_first_as_cmd,no neighbor <A.B.C.D|X:X::X:X|WORD> enforce-first-as,bgpd/bgp_vty.c,BGP_NODE,MISSING,add,2-neighbor-session,
no_neighbor_extended_optional_parameters_cmd,no neighbor <A.B.C.D|X:X::X:X|WORD> extended-optional-parameters,bgpd/bgp_vty.c,BGP_NODE,MISSING,add,2-neighbor-session,
no_neighbor_filter_list_cmd,no neighbor <A.B.C.D|X:X::X:X|WORD> filter-list AS_PATH_FILTER_NAME <in|out>,bgpd/bgp_vty.c,BGP_FLOWSPECV4_NODE;BGP_FLOWSPECV6_NODE;BGP_IPV4L_NODE;BGP_IPV4M_NODE;BGP_IPV4_NODE;BGP_IPV6L_NODE;BGP_IPV6M_NODE;BGP_IPV6_NODE;BGP_VPNV4_NODE;BGP_VPNV6_NODE,PARTIAL,fix,2-neighbor-session,
no_neighbor_filter_list_hidden_cmd,no neighbor <A.B.C.D|X:X::X:X|WORD> filter-list AS_PATH_FILTER_NAME <in|out>,bgpd/bgp_vty.c,BGP_NODE,PARTIAL,fix,2-neighbor-session,
no_neighbor_interface_cmd,no neighbor <A.B.C.D|X:X::X:X> interface WORD,bgpd/bgp_vty.c,BGP_NODE,MISSING,add,2-neighbor-session,
no_neighbor_interface_config_cmd,no neighbor WORD interface [v6only] [peer-group PGNAME] [remote-as <ASNUM|internal|external|auto>],bgpd/bgp_vty.c,BGP_NODE,MISSING,add,2-neighbor-session,
no_neighbor_interface_peer_group_remote_as_cmd,no neighbor WORD remote-as <ASNUM|internal|external|auto>,bgpd/bgp_vty.c,BGP_NODE,PARTIAL,fix,2-neighbor-session,
no_neighbor_local_as_cmd,no neighbor <A.B.C.D|X:X::X:X|WORD> local-as [ASNUM [no-prepend [replace-as] [dual-as]]],bgpd/bgp_vty.c,BGP_NODE,PARTIAL,fix,2-neighbor-session,
no_neighbor_ls_local_link_id_cmd,no neighbor <A.B.C.D|X:X::X:X|WORD>$peer_str local-link-id [(1-4294967295)$link_id],bgpd/bgp_vty.c,BGP_NODE,MISSING,add,2-neighbor-session,
no_neighbor_ls_remote_link_id_cmd,no neighbor <A.B.C.D|X:X::X:X|WORD>$peer_str remote-link-id [(1-4294967295)$link_id],bgpd/bgp_vty.c,BGP_NODE,MISSING,add,2-neighbor-session,
no_neighbor_maximum_prefix_cmd,no neighbor <A.B.C.D|X:X::X:X|WORD> maximum-prefix [(1-4294967295) [(1-100)] [restart (1-65535)] [warning-only] [force]],bgpd/bgp_vty.c,BGP_EVPN_NODE;BGP_IPV4L_NODE;BGP_IPV4M_NODE;BGP_IPV4U_NODE;BGP_IPV4_NODE;BGP_IPV6L_NODE;BGP_IPV6M_NODE;BGP_IPV6U_NODE;BGP_IPV6_NODE;BGP_VPNV4_NODE;BGP_VPNV6_NODE,MISSING,add,3-af-policy,
no_neighbor_maximum_prefix_hidden_cmd,no neighbor <A.B.C.D|X:X::X:X|WORD> maximum-prefix [(1-4294967295) [(1-100)] [restart (1-65535)] [warning-only] [force]],bgpd/bgp_vty.c,BGP_NODE,MISSING,add,3-af-policy,
no_neighbor_maximum_prefix_out_cmd,no neighbor <A.B.C.D|X:X::X:X|WORD> maximum-prefix-out [(1-4294967295)],bgpd/bgp_vty.c,BGP_IPV4L_NODE;BGP_IPV4M_NODE;BGP_IPV4U_NODE;BGP_IPV4_NODE;BGP_IPV6L_NODE;BGP_IPV6M_NODE;BGP_IPV6U_NODE;BGP_IPV6_NODE;BGP_NODE;BGP_VPNV4_NODE;BGP_VPNV6_NODE,MISSING,add,3-af-policy,
no_neighbor_nexthop_local_unchanged_cmd,no neighbor <A.B.C.D|X:X::X:X|WORD> nexthop-local unchanged,bgpd/bgp_vty.c,BGP_IPV6_NODE,MISSING,add,2-neighbor-session,
no_neighbor_nexthop_self_all_hidden_cmd,no neighbor <A.B.C.D|X:X::X:X|WORD> next-hop-self all,bgpd/bgp_vty.c,BGP_IPV4L_NODE;BGP_IPV4M_NODE;BGP_IPV4_NODE;BGP_IPV6L_NODE;BGP_IPV6M_NODE;BGP_IPV6_NODE;BGP_NODE;BGP_VPNV4_NODE;BGP_VPNV6_NODE,PARTIAL,fix,2-neighbor-session,
no_neighbor_nexthop_self_cmd,no neighbor <A.B.C.D|X:X::X:X|WORD> next-hop-self,bgpd/bgp_vty.c,BGP_EVPN_NODE;BGP_IPV4L_NODE;BGP_IPV4M_NODE;BGP_IPV4_NODE;BGP_IPV6L_NODE;BGP_IPV6M_NODE;BGP_IPV6_NODE;BGP_VPNV4_NODE;BGP_VPNV6_NODE,PARTIAL,fix,2-neighbor-session,
no_neighbor_nexthop_self_force_cmd,no neighbor <A.B.C.D|X:X::X:X|WORD> next-hop-self force,bgpd/bgp_vty.c,BGP_EVPN_NODE;BGP_IPV4L_NODE;BGP_IPV4M_NODE;BGP_IPV4_NODE;BGP_IPV6L_NODE;BGP_IPV6M_NODE;BGP_IPV6_NODE;BGP_VPNV4_NODE;BGP_VPNV6_NODE,PARTIAL,fix,2-neighbor-session,
no_neighbor_nexthop_self_force_hidden_cmd,no neighbor <A.B.C.D|X:X::X:X|WORD> next-hop-self force,bgpd/bgp_vty.c,BGP_NODE,PARTIAL,fix,2-neighbor-session,
no_neighbor_nexthop_self_hidden_cmd,no neighbor <A.B.C.D|X:X::X:X|WORD> next-hop-self,bgpd/bgp_vty.c,BGP_NODE,PARTIAL,fix,2-neighbor-session,
no_neighbor_override_capability_cmd,no neighbor <A.B.C.D|X:X::X:X|WORD> override-capability,bgpd/bgp_vty.c,BGP_NODE,MISSING,add,2-neighbor-session,
no_neighbor_passive_cmd,no neighbor <A.B.C.D|X:X::X:X|WORD> passive,bgpd/bgp_vty.c,BGP_NODE,PARTIAL,fix,2-neighbor-session,
no_neighbor_password_cmd,no neighbor <A.B.C.D|X:X::X:X|WORD> password [LINE],bgpd/bgp_vty.c,BGP_NODE,PARTIAL,fix,2-neighbor-session,
no_neighbor_path_attribute_discard_cmd,no neighbor <A.B.C.D|X:X::X:X|WORD>$neighbor path-attribute discard [(1-255)],bgpd/bgp_vty.c,BGP_NODE,MISSING,add,2-neighbor-session,
no_neighbor_path_attribute_treat_as_withdraw_cmd,no neighbor <A.B.C.D|X:X::X:X|WORD>$neighbor path-attribute treat-as-withdraw (1-255)...,bgpd/bgp_vty.c,BGP_NODE,MISSING,add,2-neighbor-session,
no_neighbor_peer_group_cmd,no neighbor WORD peer-group,bgpd/bgp_vty.c,BGP_NODE,PARTIAL,fix,2-neighbor-session,
no_neighbor_port_cmd,no neighbor <A.B.C.D|X:X::X:X|WORD> port [(0-65535)],bgpd/bgp_vty.c,BGP_NODE,MISSING,add,2-neighbor-session,
no_neighbor_prefix_list_cmd,no neighbor <A.B.C.D|X:X::X:X|WORD> prefix-list WORD <in|out>,bgpd/bgp_vty.c,BGP_FLOWSPECV4_NODE;BGP_FLOWSPECV6_NODE;BGP_IPV4L_NODE;BGP_IPV4M_NODE;BGP_IPV4_NODE;BGP_IPV6L_NODE;BGP_IPV6M_NODE;BGP_IPV6_NODE;BGP_VPNV4_NODE;BGP_VPNV6_NODE,PARTIAL,fix,2-neighbor-session,
no_neighbor_prefix_list_hidden_cmd,no neighbor <A.B.C.D|X:X::X:X|WORD> prefix-list WORD <in|out>,bgpd/bgp_vty.c,BGP_NODE,PARTIAL,fix,2-neighbor-session,
no_neighbor_remove_private_as_all_cmd,no neighbor <A.B.C.D|X:X::X:X|WORD> remove-private-AS all,bgpd/bgp_vty.c,BGP_IPV4L_NODE;BGP_IPV4M_NODE;BGP_IPV4_NODE;BGP_IPV6L_NODE;BGP_IPV6M_NODE;BGP_IPV6_NODE;BGP_VPNV4_NODE;BGP_VPNV6_NODE,PARTIAL,fix,2-neighbor-session,
no_neighbor_remove_private_as_all_hidden_cmd,no neighbor <A.B.C.D|X:X::X:X|WORD> remove-private-AS all,bgpd/bgp_vty.c,BGP_NODE,PARTIAL,fix,2-neighbor-session,
no_neighbor_remove_private_as_all_replace_as_cmd,no neighbor <A.B.C.D|X:X::X:X|WORD> remove-private-AS all replace-AS,bgpd/bgp_vty.c,BGP_IPV4L_NODE;BGP_IPV4M_NODE;BGP_IPV4_NODE;BGP_IPV6L_NODE;BGP_IPV6M_NODE;BGP_IPV6_NODE;BGP_VPNV4_NODE;BGP_VPNV6_NODE,PARTIAL,fix,2-neighbor-session,
no_neighbor_remove_private_as_all_replace_as_hidden_cmd,no neighbor <A.B.C.D|X:X::X:X|WORD> remove-private-AS all replace-AS,bgpd/bgp_vty.c,BGP_NODE,PARTIAL,fix,2-neighbor-session,
no_neighbor_remove_private_as_cmd,no neighbor <A.B.C.D|X:X::X:X|WORD> remove-private-AS,bgpd/bgp_vty.c,BGP_IPV4L_NODE;BGP_IPV4M_NODE;BGP_IPV4_NODE;BGP_IPV6L_NODE;BGP_IPV6M_NODE;BGP_IPV6_NODE;BGP_VPNV4_NODE;BGP_VPNV6_NODE,PARTIAL,fix,2-neighbor-session,
no_neighbor_remove_private_as_hidden_cmd,no neighbor <A.B.C.D|X:X::X:X|WORD> remove-private-AS,bgpd/bgp_vty.c,BGP_NODE,PARTIAL,fix,2-neighbor-session,
no_neighbor_remove_private_as_replace_as_cmd,no neighbor <A.B.C.D|X:X::X:X|WORD> remove-private-AS replace-AS,bgpd/bgp_vty.c,BGP_IPV4L_NODE;BGP_IPV4M_NODE;BGP_IPV4_NODE;BGP_IPV6L_NODE;BGP_IPV6M_NODE;BGP_IPV6_NODE;BGP_VPNV4_NODE;BGP_VPNV6_NODE,PARTIAL,fix,2-neighbor-session,
no_neighbor_remove_private_as_replace_as_hidden_cmd,no neighbor <A.B.C.D|X:X::X:X|WORD> remove-private-AS replace-AS,bgpd/bgp_vty.c,BGP_NODE,PARTIAL,fix,2-neighbor-session,
no_neighbor_role_cmd,no neighbor <A.B.C.D|X:X::X:X|WORD>$neighbor local-role <provider|rs-server|rs-client|customer|peer> [strict-mode],bgpd/bgp_vty.c,BGP_NODE,MISSING,add,2-neighbor-session,
no_neighbor_route_map_cmd,no neighbor <A.B.C.D|X:X::X:X|WORD> route-map RMAP_NAME <in|out>,bgpd/bgp_vty.c,BGP_EVPN_NODE;BGP_FLOWSPECV4_NODE;BGP_FLOWSPECV6_NODE;BGP_IPV4L_NODE;BGP_IPV4M_NODE;BGP_IPV4U_NODE;BGP_IPV4_NODE;BGP_IPV6L_NODE;BGP_IPV6M_NODE;BGP_IPV6U_NODE;BGP_IPV6_NODE;BGP_LS_NODE;BGP_VPNV4_NODE;BGP_VPNV6_NODE,PARTIAL,fix,2-neighbor-session,
no_neighbor_route_map_hidden_cmd,no neighbor <A.B.C.D|X:X::X:X|WORD> route-map RMAP_NAME <in|out>,bgpd/bgp_vty.c,BGP_NODE,PARTIAL,fix,2-neighbor-session,
no_neighbor_route_reflector_client_cmd,no neighbor <A.B.C.D|X:X::X:X|WORD> route-reflector-client,bgpd/bgp_vty.c,BGP_EVPN_NODE;BGP_FLOWSPECV4_NODE;BGP_FLOWSPECV6_NODE;BGP_IPV4L_NODE;BGP_IPV4M_NODE;BGP_IPV4_NODE;BGP_IPV6L_NODE;BGP_IPV6M_NODE;BGP_IPV6_NODE;BGP_VPNV4_NODE;BGP_VPNV6_NODE,PARTIAL,fix,2-neighbor-session,
no_neighbor_route_reflector_client_hidden_cmd,no neighbor <A.B.C.D|X:X::X:X|WORD> route-reflector-client,bgpd/bgp_vty.c,BGP_NODE,PARTIAL,fix,2-neighbor-session,
no_neighbor_route_server_client_cmd,no neighbor <A.B.C.D|X:X::X:X|WORD> route-server-client,bgpd/bgp_vty.c,BGP_EVPN_NODE;BGP_FLOWSPECV4_NODE;BGP_FLOWSPECV6_NODE;BGP_IPV4L_NODE;BGP_IPV4M_NODE;BGP_IPV4_NODE;BGP_IPV6L_NODE;BGP_IPV6M_NODE;BGP_IPV6_NODE;BGP_VPNV4_NODE;BGP_VPNV6_NODE,PARTIAL,fix,2-neighbor-session,
no_neighbor_route_server_client_hidden_cmd,no neighbor <A.B.C.D|X:X::X:X|WORD> route-server-client,bgpd/bgp_vty.c,BGP_NODE,PARTIAL,fix,2-neighbor-session,
no_neighbor_send_community_cmd,no neighbor <A.B.C.D|X:X::X:X|WORD> send-community,bgpd/bgp_vty.c,BGP_IPV4L_NODE;BGP_IPV4M_NODE;BGP_IPV4_NODE;BGP_IPV6L_NODE;BGP_IPV6M_NODE;BGP_IPV6_NODE;BGP_VPNV4_NODE;BGP_VPNV6_NODE,PARTIAL,fix,2-neighbor-session,
no_neighbor_send_community_hidden_cmd,no neighbor <A.B.C.D|X:X::X:X|WORD> send-community,bgpd/bgp_vty.c,BGP_NODE,PARTIAL,fix,2-neighbor-session,
no_neighbor_send_community_type_cmd,no neighbor <A.B.C.D|X:X::X:X|WORD> send-community <both|all|extended|standard|large>,bgpd/bgp_vty.c,BGP_IPV4L_NODE;BGP_IPV4M_NODE;BGP_IPV4_NODE;BGP_IPV6L_NODE;BGP_IPV6M_NODE;BGP_IPV6_NODE;BGP_VPNV4_NODE;BGP_VPNV6_NODE,PARTIAL,fix,2-neighbor-session,
no_neighbor_send_community_type_hidden_cmd,no neighbor <A.B.C.D|X:X::X:X|WORD> send-community <both|all|extended|standard|large>,bgpd/bgp_vty.c,BGP_NODE,PARTIAL,fix,2-neighbor-session,
no_neighbor_set_peer_group_cmd,no neighbor <A.B.C.D|X:X::X:X|WORD> peer-group PGNAME,bgpd/bgp_vty.c,BGP_NODE,PARTIAL,fix,8-filter-rmap,
no_neighbor_set_peer_group_hidden_cmd,no neighbor <A.B.C.D|X:X::X:X|WORD> peer-group PGNAME,bgpd/bgp_vty.c,BGP_FLOWSPECV4_NODE;BGP_FLOWSPECV6_NODE;BGP_IPV4M_NODE;BGP_IPV4_NODE;BGP_IPV6L_NODE;BGP_IPV6M_NODE;BGP_IPV6_NODE;BGP_VPNV4_NODE;BGP_VPNV6_NODE,PARTIAL,fix,8-filter-rmap,
no_neighbor_shutdown_cmd,no neighbor <A.B.C.D|X:X::X:X|WORD> shutdown,bgpd/bgp_vty.c,BGP_NODE,PARTIAL,fix,2-neighbor-session,
no_neighbor_shutdown_msg_cmd,no neighbor <A.B.C.D|X:X::X:X|WORD> shutdown message MSG...,bgpd/bgp_vty.c,BGP_NODE,PARTIAL,fix,2-neighbor-session,
no_neighbor_shutdown_rtt_cmd,no neighbor <A.B.C.D|X:X::X:X|WORD> shutdown rtt [(1-65535) [count (1-255)]],bgpd/bgp_vty.c,BGP_NODE,PARTIAL,fix,2-neighbor-session,
no_neighbor_soft_reconfiguration_cmd,no neighbor <A.B.C.D|X:X::X:X|WORD> soft-reconfiguration inbound,bgpd/bgp_vty.c,BGP_EVPN_NODE;BGP_FLOWSPECV4_NODE;BGP_FLOWSPECV6_NODE;BGP_IPV4L_NODE;BGP_IPV4M_NODE;BGP_IPV4_NODE;BGP_IPV6L_NODE;BGP_IPV6M_NODE;BGP_IPV6_NODE;BGP_VPNV4_NODE;BGP_VPNV6_NODE,PARTIAL,fix,2-neighbor-session,
no_neighbor_soft_reconfiguration_hidden_cmd,no neighbor <A.B.C.D|X:X::X:X|WORD> soft-reconfiguration inbound,bgpd/bgp_vty.c,BGP_NODE,PARTIAL,fix,2-neighbor-session,
no_neighbor_solo_cmd,no neighbor <A.B.C.D|X:X::X:X|WORD> solo,bgpd/bgp_vty.c,BGP_NODE,MISSING,add,2-neighbor-session,
no_neighbor_soo_cmd,no neighbor <A.B.C.D|X:X::X:X|WORD>$neighbor soo [ASN:NN_OR_IP-ADDRESS:NN$soo],bgpd/bgp_vty.c,BGP_EVPN_NODE;BGP_IPV4L_NODE;BGP_IPV4M_NODE;BGP_IPV4_NODE;BGP_IPV6L_NODE;BGP_IPV6M_NODE;BGP_IPV6_NODE;BGP_VPNV4_NODE;BGP_VPNV6_NODE,MISSING,add,2-neighbor-session,
no_neighbor_strict_capability_cmd,no neighbor <A.B.C.D|X:X::X:X|WORD> strict-capability-match,bgpd/bgp_vty.c,BGP_NODE,MISSING,add,2-neighbor-session,
no_neighbor_tcp_mss_cmd,no neighbor <A.B.C.D|X:X::X:X|WORD> tcp-mss [(1-65535)],bgpd/bgp_vty.c,BGP_NODE,MISSING,add,2-neighbor-session,
no_neighbor_timers_cmd,no neighbor <A.B.C.D|X:X::X:X|WORD> timers [(0-65535) (0-65535)],bgpd/bgp_vty.c,BGP_NODE,PARTIAL,fix,2-neighbor-session,
no_neighbor_timers_connect_cmd,no neighbor <A.B.C.D|X:X::X:X|WORD> timers connect [(1-65535)],bgpd/bgp_vty.c,BGP_NODE,PARTIAL,fix,2-neighbor-session,
no_neighbor_timers_delayopen_cmd,no neighbor <A.B.C.D|X:X::X:X|WORD>$neighbor timers delayopen [(0-65535)],bgpd/bgp_vty.c,BGP_NODE,PARTIAL,fix,2-neighbor-session,
no_neighbor_ttl_security_cmd,no neighbor <A.B.C.D|X:X::X:X|WORD> ttl-security hops (1-254),bgpd/bgp_vty.c,BGP_NODE,PARTIAL,fix,2-neighbor-session,
no_neighbor_unsuppress_map_cmd,no neighbor <A.B.C.D|X:X::X:X|WORD> unsuppress-map WORD,bgpd/bgp_vty.c,BGP_IPV4L_NODE;BGP_IPV4M_NODE;BGP_IPV4_NODE;BGP_IPV6L_NODE;BGP_IPV6M_NODE;BGP_IPV6_NODE;BGP_VPNV4_NODE;BGP_VPNV6_NODE,MISSING,add,2-neighbor-session,
no_neighbor_unsuppress_map_hidden_cmd,no neighbor <A.B.C.D|X:X::X:X|WORD> unsuppress-map WORD,bgpd/bgp_vty.c,BGP_NODE,MISSING,add,2-neighbor-session,
no_neighbor_update_source_cmd,no neighbor <A.B.C.D|X:X::X:X|WORD> update-source [<A.B.C.D|X:X::X:X|WORD>],bgpd/bgp_vty.c,BGP_NODE,PARTIAL,fix,2-neighbor-session,
no_neighbor_weight_cmd,no neighbor <A.B.C.D|X:X::X:X|WORD> weight [(0-65535)],bgpd/bgp_vty.c,BGP_IPV4L_NODE;BGP_IPV4M_NODE;BGP_IPV4_NODE;BGP_IPV6L_NODE;BGP_IPV6M_NODE;BGP_IPV6_NODE;BGP_VPNV4_NODE;BGP_VPNV6_NODE,PARTIAL,fix,2-neighbor-session,
no_neighbor_weight_hidden_cmd,no neighbor <A.B.C.D|X:X::X:X|WORD> weight [(0-65535)],bgpd/bgp_vty.c,BGP_NODE,PARTIAL,fix,2-neighbor-session,
no_router_bgp_cmd,no router bgp [ASNUM$instasn [<view|vrf> VIEWVRFNAME] [as-notation <dot|dot+|plain>]],bgpd/bgp_vty.c,CONFIG_NODE,MISSING,add,1-globals,
no_rpki_cache_cmd,no rpki cache <tcp|ssh> <A.B.C.D|WORD> <TCPPORT|(1-65535)$sshport SSH_UNAME SSH_PRIVKEY [KNOWN_HOSTS_PATH]> [source <A.B,bgpd/bgp_rpki.c,RPKI_NODE,PARTIAL,fix,7-bmp-rpki,
no_rpki_cmd,",        NO_STR",bgpd/bgp_rpki.c,CONFIG_NODE,PARTIAL,fix,7-bmp-rpki,
no_rpki_expire_interval_cmd,no rpki expire_interval [(600-172800)],bgpd/bgp_rpki.c,RPKI_NODE,PARTIAL,fix,7-bmp-rpki,
no_rpki_polling_period_cmd,no rpki polling_period [(1-86400)],bgpd/bgp_rpki.c,RPKI_NODE,PARTIAL,fix,7-bmp-rpki,
no_rpki_retry_interval_cmd,no rpki retry_interval [(1-7200)],bgpd/bgp_rpki.c,RPKI_NODE,PARTIAL,fix,7-bmp-rpki,
no_set_aggregator_as_cmd,no set aggregator as [ASNUM A.B.C.D],bgpd/bgp_routemap.c,RMAP_NODE,MISSING,add,8-filter-rmap,
no_set_aigp_metric_cmd,no set aigp-metric [<igp-metric|(0-4294967295)>],bgpd/bgp_routemap.c,RMAP_NODE,MISSING,add,8-filter-rmap,
no_set_aspath_exclude_access_list_cmd,no set as-path exclude as-path-access-list [AS_PATH_FILTER_NAME],bgpd/bgp_routemap.c,RMAP_NODE,MISSING,add,8-filter-rmap,
no_set_aspath_exclude_all_cmd,,?,RMAP_NODE,MISSING,add,8-filter-rmap,
no_set_aspath_exclude_cmd,no set as-path exclude ASNUM...,bgpd/bgp_routemap.c,RMAP_NODE,MISSING,add,8-filter-rmap,
no_set_aspath_prepend_as_cmd,,?,RMAP_NODE,MISSING,add,8-filter-rmap,
no_set_aspath_prepend_last_as_cmd,no set as-path prepend [last-as [(1-10)]],bgpd/bgp_routemap.c,RMAP_NODE,MISSING,add,8-filter-rmap,
no_set_aspath_replace_access_list_cmd,no set as-path replace as-path-access-list [AS_PATH_FILTER_NAME] [<ASNUM>$configured_asn],bgpd/bgp_routemap.c,RMAP_NODE,MISSING,add,8-filter-rmap,
no_set_aspath_replace_asn_cmd,no set as-path replace [<any|ASNUM>] [<ASNUM>$configured_asn],bgpd/bgp_routemap.c,RMAP_NODE,MISSING,add,8-filter-rmap,
no_set_atomic_aggregate_cmd,no set atomic-aggregate,bgpd/bgp_routemap.c,RMAP_NODE,MISSING,add,8-filter-rmap,
no_set_community_change_cmd,no set comm-list <delete$del|add$add|replace$rep> [<(1-99)|(100-500)|COMMUNITY_LIST_NAME>$name],bgpd/bgp_routemap.c,RMAP_NODE,MISSING,add,8-filter-rmap,
no_set_community_cmd,no set community AA:NN...,bgpd/bgp_routemap.c,RMAP_NODE,MISSING,add,8-filter-rmap,
no_set_community_delete_cmd,,?,RMAP_NODE,MISSING,add,8-filter-rmap,
no_set_community_short_cmd,,?,RMAP_NODE,MISSING,add,8-filter-rmap,
no_set_distance_cmd,no set distance [(1-255)],bgpd/bgp_routemap.c,RMAP_NODE,PARTIAL,fix,8-filter-rmap,
no_set_ecommunity_color_all_cmd,no set extcommunity color,bgpd/bgp_routemap.c,RMAP_NODE,MISSING,add,8-filter-rmap,
no_set_ecommunity_color_cmd,no set extcommunity color RTLIST...,bgpd/bgp_routemap.c,RMAP_NODE,MISSING,add,8-filter-rmap,
no_set_ecommunity_delete_cmd,no set extended-comm-list [,bgpd/bgp_routemap.c,RMAP_NODE,MISSING,add,8-filter-rmap,
no_set_ecommunity_delete_method2_cmd,no set extended-comm-list delete [,bgpd/bgp_routemap.c,RMAP_NODE,MISSING,add,8-filter-rmap,
no_set_ecommunity_evpn_rmac_cmd,no set extcommunity evpn rmac [X:X:X:X:X:X],bgpd/bgp_routemap.c,RMAP_NODE,MISSING,add,8-filter-rmap,
no_set_ecommunity_lb_cmd,no set extcommunity bandwidth <(0-4294967295)|cumulative|num-multipaths> [non-transitive],bgpd/bgp_routemap.c,RMAP_NODE,MISSING,add,8-filter-rmap,
no_set_ecommunity_lb_short_cmd,,?,RMAP_NODE,MISSING,add,8-filter-rmap,
no_set_ecommunity_none_cmd,no set extcommunity none,bgpd/bgp_routemap.c,RMAP_NODE,MISSING,add,8-filter-rmap,
no_set_ecommunity_nt_cmd,no set extcommunity nt RTLIST...,bgpd/bgp_routemap.c,RMAP_NODE,MISSING,add,8-filter-rmap,
no_set_ecommunity_nt_short_cmd,,?,RMAP_NODE,MISSING,add,8-filter-rmap,
no_set_ecommunity_rt_cmd,no set extcommunity rt ASN:NN_OR_IP-ADDRESS:NN...,bgpd/bgp_routemap.c,RMAP_NODE,MISSING,add,8-filter-rmap,
no_set_ecommunity_rt_short_cmd,,?,RMAP_NODE,MISSING,add,8-filter-rmap,
no_set_ecommunity_soo_cmd,no set extcommunity soo ASN:NN_OR_IP-ADDRESS:NN...,bgpd/bgp_routemap.c,RMAP_NODE,MISSING,add,8-filter-rmap,
no_set_ecommunity_soo_short_cmd,,?,RMAP_NODE,MISSING,add,8-filter-rmap,
no_set_evpn_gw_ip_ipv4_cmd,no set evpn gateway-ip ipv4 A.B.C.D,bgpd/bgp_routemap.c,RMAP_NODE,MISSING,add,8-filter-rmap,
no_set_evpn_gw_ip_ipv6_cmd,no set evpn gateway-ip ipv6 X:X::X:X,bgpd/bgp_routemap.c,RMAP_NODE,MISSING,add,8-filter-rmap,
no_set_ipv6_nexthop_global_cmd,no set ipv6 next-hop global X:X::X:X,bgpd/bgp_routemap.c,RMAP_NODE,MISSING,add,8-filter-rmap,
no_set_ipv6_nexthop_peer_cmd,no set ipv6 next-hop peer-address,bgpd/bgp_routemap.c,RMAP_NODE,MISSING,add,8-filter-rmap,
no_set_ipv6_nexthop_prefer_global_cmd,no set ipv6 next-hop prefer-global,bgpd/bgp_routemap.c,RMAP_NODE,MISSING,add,8-filter-rmap,
no_set_ipx_vpn_nexthop_cmd,no set <ipv4|ipv6> vpn next-hop [<A.B.C.D|X:X::X:X>],bgpd/bgp_routemap.c,RMAP_NODE,MISSING,add,8-filter-rmap,
no_set_label_index_cmd,no set label-index [(0-1048560)],bgpd/bgp_routemap.c,RMAP_NODE,MISSING,add,8-filter-rmap,
no_set_lcommunity1_cmd,no set large-community AA:BB:CC...,bgpd/bgp_routemap.c,RMAP_NODE,MISSING,add,8-filter-rmap,
no_set_lcommunity1_short_cmd,,?,RMAP_NODE,MISSING,add,8-filter-rmap,
no_set_lcommunity_cmd,no set large-community none,bgpd/bgp_routemap.c,RMAP_NODE,MISSING,add,8-filter-rmap,
no_set_lcommunity_delete_cmd,no set large-comm-list <(1-99)|(100-500)|LCOMMUNITY_LIST_NAME> [delete],bgpd/bgp_routemap.c,RMAP_NODE,MISSING,add,8-filter-rmap,
no_set_lcommunity_delete_method2_cmd,no set large-comm-list delete [<(1-99)|(100-500)|LCOMMUNITY_LIST_NAME>],bgpd/bgp_routemap.c,RMAP_NODE,MISSING,add,8-filter-rmap,
no_set_lcommunity_delete_short_cmd,,?,RMAP_NODE,MISSING,add,8-filter-rmap,
no_set_local_pref_cmd,no set local-preference [WORD],bgpd/bgp_routemap.c,RMAP_NODE,MISSING,add,8-filter-rmap,
no_set_origin_cmd,no set origin [<egp|igp|incomplete>],bgpd/bgp_routemap.c,RMAP_NODE,MISSING,add,8-filter-rmap,
no_set_originator_id_cmd,no set originator-id [A.B.C.D],bgpd/bgp_routemap.c,RMAP_NODE,MISSING,add,8-filter-rmap,
no_set_table_id_cmd,no set table [(1-4294967295)],bgpd/bgp_routemap.c,RMAP_NODE,MISSING,add,8-filter-rmap,
no_set_vpn_nexthop_cmd,no set <vpnv4 next-hop A.B.C.D|vpnv6 next-hop X:X::X:X>,bgpd/bgp_routemap.c,RMAP_NODE,MISSING,add,8-filter-rmap,
no_set_weight_cmd,no set weight [(0-4294967295)],bgpd/bgp_routemap.c,RMAP_NODE,PARTIAL,fix,8-filter-rmap,
no_upa_drop_global_cmd,no upa drop,bgpd/bgp_vty.c,BGP_IPV4_NODE;BGP_IPV6_NODE,MISSING,add,6-srv6-ls-upa-fs,
no_upa_max_routes_global_cmd,no upa max-routes [(1-4294967295)],bgpd/bgp_vty.c,BGP_IPV4_NODE;BGP_IPV6_NODE,MISSING,add,5-evpn,
no_upa_originate_all_cmd,no upa originate-all,bgpd/bgp_vty.c,BGP_IPV4_NODE;BGP_IPV6_NODE,MISSING,add,6-srv6-ls-upa-fs,
no_vpnv4_network_cmd,no network A.B.C.D/M rd ASN:NN_OR_IP-ADDRESS:NN <tag|label> (0-1048575),bgpd/bgp_mplsvpn.c,BGP_VPNV4_NODE,PARTIAL,fix,4-network-vpn,
no_vpnv6_network_cmd,no network X:X::X:X/M rd ASN:NN_OR_IP-ADDRESS:NN <tag|label> (0-1048575),bgpd/bgp_mplsvpn.c,BGP_VPNV6_NODE,PARTIAL,fix,4-network-vpn,
router_bgp_cmd,router bgp [ASNUM$instasn [<view|vrf> VIEWVRFNAME] [as-notation <dot|dot+|plain>]],bgpd/bgp_vty.c,CONFIG_NODE,MISSING,add,1-globals,
rpki_cache_ssh_cmd,rpki cache ssh <A.B.C.D|WORD>$cache (1-65535)$sshport SSH_UNAME SSH_PRIVKEY [KNOWN_HOSTS_PATH] [source <A.B.C.D>$bindadd,bgpd/bgp_rpki.c,RPKI_NODE,PARTIAL,fix,7-bmp-rpki,
rpki_cache_tcp_cmd,rpki cache tcp <A.B.C.D|WORD>$cache TCPPORT [source <A.B.C.D>$bindaddr] preference (1-255),bgpd/bgp_rpki.c,RPKI_NODE,PARTIAL,fix,7-bmp-rpki,
rpki_cmd,Enable rpki and enter rpki configuration mode\n,bgpd/bgp_rpki.c,CONFIG_NODE,PARTIAL,fix,7-bmp-rpki,
rpki_expire_interval_cmd,rpki expire_interval (600-172800)$tmp,bgpd/bgp_rpki.c,RPKI_NODE,PARTIAL,fix,7-bmp-rpki,
rpki_polling_period_cmd,rpki polling_period (1-86400)$pp,bgpd/bgp_rpki.c,RPKI_NODE,PARTIAL,fix,7-bmp-rpki,
rpki_reset_config_mode_cmd,rpki reset,bgpd/bgp_rpki.c,RPKI_NODE,PARTIAL,fix,7-bmp-rpki,
rpki_retry_interval_cmd,rpki retry_interval (1-7200)$tmp,bgpd/bgp_rpki.c,RPKI_NODE,PARTIAL,fix,7-bmp-rpki,
set_aggregator_as_cmd,set aggregator as ASNUM A.B.C.D,bgpd/bgp_routemap.c,RMAP_NODE,MISSING,add,8-filter-rmap,
set_aigp_metric_cmd,set aigp-metric <igp-metric|(0-4294967295)>$aigp_metric,bgpd/bgp_routemap.c,RMAP_NODE,MISSING,add,8-filter-rmap,
set_aspath_exclude_access_list_cmd,set as-path exclude as-path-access-list AS_PATH_FILTER_NAME,bgpd/bgp_routemap.c,RMAP_NODE,MISSING,add,8-filter-rmap,
set_aspath_exclude_all_cmd,[no$no] set as-path exclude all$all,bgpd/bgp_routemap.c,RMAP_NODE,MISSING,add,8-filter-rmap,
set_aspath_exclude_cmd,set as-path exclude ASNUM...,bgpd/bgp_routemap.c,RMAP_NODE,MISSING,add,8-filter-rmap,
set_aspath_prepend_asn_cmd,set as-path prepend ASNUM...,bgpd/bgp_routemap.c,RMAP_NODE,MISSING,add,8-filter-rmap,
set_aspath_prepend_lastas_cmd,set as-path prepend last-as (1-10),bgpd/bgp_routemap.c,RMAP_NODE,MISSING,add,8-filter-rmap,
set_aspath_replace_access_list_cmd,set as-path replace as-path-access-list AS_PATH_FILTER_NAME$aspath_filter_name [<ASNUM>$configured_asn],bgpd/bgp_routemap.c,RMAP_NODE,MISSING,add,8-filter-rmap,
set_aspath_replace_asn_cmd,set as-path replace <any|ASNUM>$replace [<ASNUM>$configured_asn],bgpd/bgp_routemap.c,RMAP_NODE,MISSING,add,8-filter-rmap,
set_atomic_aggregate_cmd,set atomic-aggregate,bgpd/bgp_routemap.c,RMAP_NODE,MISSING,add,8-filter-rmap,
set_community_change_cmd,set comm-list <delete$del|add$add|replace$rep> <(1-99)|(100-500)|COMMUNITY_LIST_NAME>$name,bgpd/bgp_routemap.c,RMAP_NODE,MISSING,add,8-filter-rmap,
set_community_cmd,set community AA:NN...,bgpd/bgp_routemap.c,RMAP_NODE,MISSING,add,8-filter-rmap,
set_community_delete_cmd,,?,RMAP_NODE,MISSING,add,8-filter-rmap,
set_community_none_cmd,set community none,bgpd/bgp_routemap.c,RMAP_NODE,MISSING,add,8-filter-rmap,
set_distance_cmd,set distance (1-255),bgpd/bgp_routemap.c,RMAP_NODE,PARTIAL,fix,8-filter-rmap,
set_ecommunity_color_cmd,set extcommunity color RTLIST...,bgpd/bgp_routemap.c,RMAP_NODE,MISSING,add,8-filter-rmap,
set_ecommunity_delete_cmd,set extended-comm-list,bgpd/bgp_routemap.c,RMAP_NODE,MISSING,add,8-filter-rmap,
set_ecommunity_delete_method2_cmd,set extended-comm-list delete,bgpd/bgp_routemap.c,RMAP_NODE,MISSING,add,8-filter-rmap,
set_ecommunity_evpn_rmac_cmd,set extcommunity evpn rmac X:X:X:X:X:X,bgpd/bgp_routemap.c,RMAP_NODE,MISSING,add,8-filter-rmap,
set_ecommunity_lb_cmd,set extcommunity bandwidth <(0-4294967295)|cumulative|num-multipaths> [non-transitive],bgpd/bgp_routemap.c,RMAP_NODE,MISSING,add,8-filter-rmap,
set_ecommunity_none_cmd,set extcommunity none,bgpd/bgp_routemap.c,RMAP_NODE,MISSING,add,8-filter-rmap,
set_ecommunity_nt_cmd,set extcommunity nt RTLIST...,bgpd/bgp_routemap.c,RMAP_NODE,MISSING,add,8-filter-rmap,
set_ecommunity_rt_cmd,set extcommunity rt ASN:NN_OR_IP-ADDRESS:NN...,bgpd/bgp_routemap.c,RMAP_NODE,MISSING,add,8-filter-rmap,
set_ecommunity_soo_cmd,set extcommunity soo ASN:NN_OR_IP-ADDRESS:NN...,bgpd/bgp_routemap.c,RMAP_NODE,MISSING,add,8-filter-rmap,
set_evpn_gw_ip_ipv4_cmd,set evpn gateway-ip ipv4 A.B.C.D,bgpd/bgp_routemap.c,RMAP_NODE,MISSING,add,8-filter-rmap,
set_evpn_gw_ip_ipv6_cmd,set evpn gateway-ip ipv6 X:X::X:X,bgpd/bgp_routemap.c,RMAP_NODE,MISSING,add,8-filter-rmap,
set_ip_nexthop_peer_cmd,[no] set ip next-hop peer-address,bgpd/bgp_routemap.c,RMAP_NODE,MISSING,add,8-filter-rmap,
set_ip_nexthop_unchanged_cmd,[no] set ip next-hop unchanged,bgpd/bgp_routemap.c,RMAP_NODE,MISSING,add,8-filter-rmap,
set_ipv6_nexthop_global_cmd,set ipv6 next-hop global X:X::X:X,bgpd/bgp_routemap.c,RMAP_NODE,MISSING,add,8-filter-rmap,
set_ipv6_nexthop_peer_cmd,set ipv6 next-hop peer-address,bgpd/bgp_routemap.c,RMAP_NODE,MISSING,add,8-filter-rmap,
set_ipv6_nexthop_prefer_global_cmd,set ipv6 next-hop prefer-global,bgpd/bgp_routemap.c,RMAP_NODE,MISSING,add,8-filter-rmap,
set_ipx_vpn_nexthop_cmd,set <ipv4|ipv6> vpn next-hop <A.B.C.D$addrv4|X:X::X:X$addrv6>,bgpd/bgp_routemap.c,RMAP_NODE,MISSING,add,8-filter-rmap,
set_l3vpn_nexthop_encapsulation_cmd,[no] set l3vpn next-hop encapsulation <gre|gretap>$ziftype,bgpd/bgp_routemap.c,RMAP_NODE,MISSING,add,8-filter-rmap,
set_label_index_cmd,set label-index (0-1048560),bgpd/bgp_routemap.c,RMAP_NODE,MISSING,add,8-filter-rmap,
set_lcommunity_cmd,set large-community AA:BB:CC...,bgpd/bgp_routemap.c,RMAP_NODE,MISSING,add,8-filter-rmap,
set_lcommunity_delete_cmd,set large-comm-list <(1-99)|(100-500)|LCOMMUNITY_LIST_NAME> delete,bgpd/bgp_routemap.c,RMAP_NODE,MISSING,add,8-filter-rmap,
set_lcommunity_delete_method2_cmd,set large-comm-list delete <(1-99)|(100-500)|LCOMMUNITY_LIST_NAME>,bgpd/bgp_routemap.c,RMAP_NODE,MISSING,add,8-filter-rmap,
set_lcommunity_none_cmd,set large-community none,bgpd/bgp_routemap.c,RMAP_NODE,MISSING,add,8-filter-rmap,
set_local_pref_cmd,set local-preference WORD,bgpd/bgp_routemap.c,RMAP_NODE,MISSING,add,8-filter-rmap,
set_origin_cmd,set origin <egp|igp|incomplete>,bgpd/bgp_routemap.c,RMAP_NODE,MISSING,add,8-filter-rmap,
set_originator_id_cmd,set originator-id A.B.C.D,bgpd/bgp_routemap.c,RMAP_NODE,MISSING,add,8-filter-rmap,
set_table_id_cmd,set table (1-4294967295),bgpd/bgp_routemap.c,RMAP_NODE,MISSING,add,8-filter-rmap,
set_vpn_nexthop_cmd,set <vpnv4 next-hop A.B.C.D|vpnv6 next-hop X:X::X:X>,bgpd/bgp_routemap.c,RMAP_NODE,MISSING,add,8-filter-rmap,
set_weight_cmd,set weight (0-4294967295),bgpd/bgp_routemap.c,RMAP_NODE,PARTIAL,fix,8-filter-rmap,
sid_export_cmd,[no] sid export <(1-1048575)$sid_idx|auto$sid_auto|explicit$sid_explicit X:X::X:X$sid_value> [behavior dt46$behavior_dt4,bgpd/bgp_vty.c,BGP_IPV4_NODE;BGP_IPV6_NODE,MISSING,add,1-globals,
test_es_add_cmd,,?,BGP_EVPN_NODE,MISSING,add,5-evpn,
test_es_vni_add_cmd,,?,BGP_EVPN_NODE,MISSING,add,5-evpn,
upa_drop_global_cmd,upa drop,bgpd/bgp_vty.c,BGP_IPV4_NODE;BGP_IPV6_NODE,MISSING,add,6-srv6-ls-upa-fs,
upa_max_routes_global_cmd,upa max-routes (1-4294967295)$max,bgpd/bgp_vty.c,BGP_IPV4_NODE;BGP_IPV6_NODE,MISSING,add,5-evpn,
upa_originate_all_cmd,upa originate-all,bgpd/bgp_vty.c,BGP_IPV4_NODE;BGP_IPV6_NODE,MISSING,add,6-srv6-ls-upa-fs,
vnc_advertise_un_method_cmd,vnc advertise-un-method encap-attr,bgpd/rfapi/bgp_rfapi_cfg.c,BGP_NODE,MISSING,skip-vnc,10-vnc,
vnc_defaults_cmd,vnc defaults,bgpd/rfapi/bgp_rfapi_cfg.c,BGP_NODE,MISSING,skip-vnc,10-vnc,
vnc_defaults_l2rd_cmd,l2rd <(1-255)|auto-vn>,bgpd/rfapi/bgp_rfapi_cfg.c,BGP_VNC_DEFAULTS_NODE,MISSING,skip-vnc,10-vnc,
vnc_defaults_no_l2rd_cmd,",        NO_STR",bgpd/rfapi/bgp_rfapi_cfg.c,BGP_VNC_DEFAULTS_NODE,MISSING,skip-vnc,10-vnc,
vnc_defaults_rd_cmd,rd ASN:NN_OR_IP-ADDRESS:NN,bgpd/rfapi/bgp_rfapi_cfg.c,BGP_VNC_DEFAULTS_NODE,MISSING,skip-vnc,10-vnc,
vnc_defaults_responselifetime_cmd,response-lifetime <LIFETIME|infinite>,bgpd/rfapi/bgp_rfapi_cfg.c,BGP_VNC_DEFAULTS_NODE,MISSING,skip-vnc,10-vnc,
vnc_defaults_rt_both_cmd,rt both RTLIST...,bgpd/rfapi/bgp_rfapi_cfg.c,BGP_VNC_DEFAULTS_NODE,MISSING,skip-vnc,10-vnc,
vnc_defaults_rt_export_cmd,rt export RTLIST...,bgpd/rfapi/bgp_rfapi_cfg.c,BGP_VNC_DEFAULTS_NODE,MISSING,skip-vnc,10-vnc,
vnc_defaults_rt_import_cmd,rt import RTLIST...,bgpd/rfapi/bgp_rfapi_cfg.c,BGP_VNC_DEFAULTS_NODE,MISSING,skip-vnc,10-vnc,
vnc_export_mode_cmd,vnc export <bgp|zebra> mode <group-nve|ce|none|registering-nve>,bgpd/rfapi/bgp_rfapi_cfg.c,BGP_NODE,MISSING,skip-vnc,10-vnc,
vnc_export_nvegroup_cmd,vnc export <bgp|zebra> group-nve group NAME,bgpd/rfapi/bgp_rfapi_cfg.c,BGP_NODE,MISSING,skip-vnc,10-vnc,
vnc_l2_group_cmd,vnc l2-group NAME,bgpd/rfapi/bgp_rfapi_cfg.c,BGP_NODE,MISSING,skip-vnc,10-vnc,
vnc_l2_group_labels_cmd,labels (0-1048575)...,bgpd/rfapi/bgp_rfapi_cfg.c,BGP_VNC_L2_GROUP_NODE,MISSING,skip-vnc,10-vnc,
vnc_l2_group_lni_cmd,logical-network-id (0-4294967295),bgpd/rfapi/bgp_rfapi_cfg.c,BGP_VNC_L2_GROUP_NODE,MISSING,skip-vnc,10-vnc,
vnc_l2_group_no_labels_cmd,no labels (0-1048575)...,bgpd/rfapi/bgp_rfapi_cfg.c,BGP_VNC_L2_GROUP_NODE,MISSING,skip-vnc,10-vnc,
vnc_l2_group_rt_cmd,rt <both|export|import> ASN:NN_OR_IP-ADDRESS:NN,bgpd/rfapi/bgp_rfapi_cfg.c,BGP_VNC_L2_GROUP_NODE,MISSING,skip-vnc,10-vnc,
vnc_no_export_nvegroup_cmd,vnc export <bgp|zebra> group-nve no group NAME,bgpd/rfapi/bgp_rfapi_cfg.c,BGP_NODE,MISSING,skip-vnc,10-vnc,
vnc_no_l2_group_cmd,no vnc l2-group NAME,bgpd/rfapi/bgp_rfapi_cfg.c,BGP_NODE,MISSING,skip-vnc,10-vnc,
vnc_no_nve_group_cmd,no vnc nve-group NAME,bgpd/rfapi/bgp_rfapi_cfg.c,BGP_NODE,MISSING,skip-vnc,10-vnc,
vnc_no_redistribute_protocol_cmd,no vnc redistribute <ipv4|ipv6> <bgp|bgp-direct|bgp-direct-to-nve-groups|connected|kernel|ospf|rip|static>,bgpd/rfapi/bgp_rfapi_cfg.c,BGP_NODE,PARTIAL,skip-vnc,10-vnc,
vnc_no_vrf_policy_cmd,no vrf-policy NAME,bgpd/rfapi/bgp_rfapi_cfg.c,BGP_NODE,MISSING,skip-vnc,10-vnc,
vnc_nve_export_no_prefixlist_cmd,no vnc export <bgp|zebra> <ipv4|ipv6> prefix-list [NAME],bgpd/rfapi/bgp_rfapi_cfg.c,BGP_NODE,MISSING,skip-vnc,10-vnc,
vnc_nve_export_no_routemap_cmd,no vnc export <bgp|zebra> route-map [NAME],bgpd/rfapi/bgp_rfapi_cfg.c,BGP_NODE,MISSING,skip-vnc,10-vnc,
vnc_nve_export_prefixlist_cmd,vnc export <bgp|zebra> <ipv4|ipv6> prefix-list NAME,bgpd/rfapi/bgp_rfapi_cfg.c,BGP_NODE,MISSING,skip-vnc,10-vnc,
vnc_nve_export_routemap_cmd,vnc export <bgp|zebra> route-map NAME,bgpd/rfapi/bgp_rfapi_cfg.c,BGP_NODE,MISSING,skip-vnc,10-vnc,
vnc_nve_group_cmd,vnc nve-group NAME,bgpd/rfapi/bgp_rfapi_cfg.c,BGP_NODE,MISSING,skip-vnc,10-vnc,
vnc_nve_group_export_no_prefixlist_cmd,no export <bgp|zebra> <ipv4|ipv6> prefix-list [NAME],bgpd/rfapi/bgp_rfapi_cfg.c,BGP_VNC_NVE_GROUP_NODE,MISSING,skip-vnc,10-vnc,
vnc_nve_group_export_no_routemap_cmd,no export <bgp|zebra> route-map [NAME],bgpd/rfapi/bgp_rfapi_cfg.c,BGP_VNC_NVE_GROUP_NODE,MISSING,skip-vnc,10-vnc,
vnc_nve_group_export_prefixlist_cmd,export <bgp|zebra> <ipv4|ipv6> prefix-list NAME,bgpd/rfapi/bgp_rfapi_cfg.c,BGP_VNC_NVE_GROUP_NODE,MISSING,skip-vnc,10-vnc,
vnc_nve_group_export_routemap_cmd,export <bgp|zebra> route-map NAME,bgpd/rfapi/bgp_rfapi_cfg.c,BGP_VNC_NVE_GROUP_NODE,MISSING,skip-vnc,10-vnc,
vnc_nve_group_l2rd_cmd,l2rd <(1-255)|auto-vn>,bgpd/rfapi/bgp_rfapi_cfg.c,BGP_VNC_NVE_GROUP_NODE,MISSING,skip-vnc,10-vnc,
vnc_nve_group_no_l2rd_cmd,",        NO_STR",bgpd/rfapi/bgp_rfapi_cfg.c,BGP_VNC_NVE_GROUP_NODE,MISSING,skip-vnc,10-vnc,
vnc_nve_group_prefix_cmd,prefix <vn|un> <A.B.C.D/M|X:X::X:X/M>,bgpd/rfapi/bgp_rfapi_cfg.c,BGP_VNC_NVE_GROUP_NODE,MISSING,skip-vnc,10-vnc,
vnc_nve_group_rd_cmd,rd ASN:NN_OR_IP-ADDRESS:NN,bgpd/rfapi/bgp_rfapi_cfg.c,BGP_VNC_NVE_GROUP_NODE,MISSING,skip-vnc,10-vnc,
vnc_nve_group_redist_bgpdirect_no_prefixlist_cmd,no redistribute bgp-direct <ipv4|ipv6> prefix-list,bgpd/rfapi/bgp_rfapi_cfg.c,BGP_VNC_NVE_GROUP_NODE,MISSING,skip-vnc,10-vnc,
vnc_nve_group_redist_bgpdirect_no_routemap_cmd,no redistribute bgp-direct route-map,bgpd/rfapi/bgp_rfapi_cfg.c,BGP_VNC_NVE_GROUP_NODE,MISSING,skip-vnc,10-vnc,
vnc_nve_group_redist_bgpdirect_prefixlist_cmd,redistribute bgp-direct <ipv4|ipv6> prefix-list NAME,bgpd/rfapi/bgp_rfapi_cfg.c,BGP_VNC_NVE_GROUP_NODE,MISSING,skip-vnc,10-vnc,
vnc_nve_group_redist_bgpdirect_routemap_cmd,redistribute bgp-direct route-map NAME,bgpd/rfapi/bgp_rfapi_cfg.c,BGP_VNC_NVE_GROUP_NODE,MISSING,skip-vnc,10-vnc,
vnc_nve_group_responselifetime_cmd,response-lifetime <LIFETIME|infinite>,bgpd/rfapi/bgp_rfapi_cfg.c,BGP_VNC_NVE_GROUP_NODE,MISSING,skip-vnc,10-vnc,
vnc_nve_group_rt_both_cmd,rt both RTLIST...,bgpd/rfapi/bgp_rfapi_cfg.c,BGP_VNC_NVE_GROUP_NODE,MISSING,skip-vnc,10-vnc,
vnc_nve_group_rt_export_cmd,rt export RTLIST...,bgpd/rfapi/bgp_rfapi_cfg.c,BGP_VNC_NVE_GROUP_NODE,MISSING,skip-vnc,10-vnc,
vnc_nve_group_rt_import_cmd,rt import RTLIST...,bgpd/rfapi/bgp_rfapi_cfg.c,BGP_VNC_NVE_GROUP_NODE,MISSING,skip-vnc,10-vnc,
vnc_redist_bgpdirect_no_prefixlist_cmd,no vnc redistribute <bgp-direct|bgp-direct-to-nve-groups> <ipv4|ipv6> prefix-list,bgpd/rfapi/bgp_rfapi_cfg.c,BGP_NODE,MISSING,skip-vnc,10-vnc,
vnc_redist_bgpdirect_no_routemap_cmd,no vnc redistribute <bgp-direct|bgp-direct-to-nve-groups> route-map,bgpd/rfapi/bgp_rfapi_cfg.c,BGP_NODE,MISSING,skip-vnc,10-vnc,
vnc_redist_bgpdirect_prefixlist_cmd,vnc redistribute <bgp-direct|bgp-direct-to-nve-groups> <ipv4|ipv6> prefix-list NAME,bgpd/rfapi/bgp_rfapi_cfg.c,BGP_NODE,MISSING,skip-vnc,10-vnc,
vnc_redist_bgpdirect_routemap_cmd,vnc redistribute <bgp-direct|bgp-direct-to-nve-groups> route-map NAME,bgpd/rfapi/bgp_rfapi_cfg.c,BGP_NODE,MISSING,skip-vnc,10-vnc,
vnc_redistribute_bgp_exterior_cmd,vnc redistribute <ipv4|ipv6> bgp-direct-to-nve-groups view NAME,bgpd/rfapi/bgp_rfapi_cfg.c,BGP_NODE,PARTIAL,skip-vnc,10-vnc,
vnc_redistribute_lifetime_cmd,vnc redistribute lifetime <LIFETIME|infinite>,bgpd/rfapi/bgp_rfapi_cfg.c,BGP_NODE,PARTIAL,skip-vnc,10-vnc,
vnc_redistribute_mode_cmd,vnc redistribute mode <nve-group|plain|resolve-nve>,bgpd/rfapi/bgp_rfapi_cfg.c,BGP_NODE,PARTIAL,skip-vnc,10-vnc,
vnc_redistribute_no_nvegroup_cmd,no vnc redistribute nve-group,bgpd/rfapi/bgp_rfapi_cfg.c,BGP_NODE,PARTIAL,skip-vnc,10-vnc,
vnc_redistribute_nvegroup_cmd,vnc redistribute nve-group NAME,bgpd/rfapi/bgp_rfapi_cfg.c,BGP_NODE,PARTIAL,skip-vnc,10-vnc,
vnc_redistribute_protocol_cmd,vnc redistribute <ipv4|ipv6> <bgp|bgp-direct|bgp-direct-to-nve-groups|connected|kernel|ospf|rip|static>,bgpd/rfapi/bgp_rfapi_cfg.c,BGP_NODE,PARTIAL,skip-vnc,10-vnc,
vnc_redistribute_rh_roo_localadmin_cmd,vnc redistribute resolve-nve roo-ec-local-admin (0-65535),bgpd/rfapi/bgp_rfapi_cfg.c,BGP_NODE,PARTIAL,skip-vnc,10-vnc,
vnc_vrf_policy_cmd,vrf-policy NAME,bgpd/rfapi/bgp_rfapi_cfg.c,BGP_NODE,MISSING,skip-vnc,10-vnc,
vpnv4_network_cmd,network A.B.C.D/M rd ASN:NN_OR_IP-ADDRESS:NN <tag|label> (0-1048575),bgpd/bgp_mplsvpn.c,BGP_VPNV4_NODE,PARTIAL,fix,4-network-vpn,
vpnv4_network_route_map_cmd,network A.B.C.D/M rd ASN:NN_OR_IP-ADDRESS:NN <tag|label> (0-1048575) route-map RMAP_NAME,bgpd/bgp_mplsvpn.c,BGP_VPNV4_NODE,PARTIAL,fix,4-network-vpn,
vpnv6_network_cmd,network X:X::X:X/M rd ASN:NN_OR_IP-ADDRESS:NN <tag|label> (0-1048575) [route-map RMAP_NAME],bgpd/bgp_mplsvpn.c,BGP_VPNV6_NODE,PARTIAL,fix,4-network-vpn,
